Workbook

Sheet README
A1: RGC Neuroprotection Wheel: source data
A2: Graphical abstract of Malahov et al., “Pharmacological targeting of TNF-α, IL-1β and IL-6 signaling in retinal ganglion cell degeneration”.
A4: Sheets
A5: Experiments: one row per in vivo experiment (study × compound × model/species × route). Columns E, O and T are formulas.
A6: Drug classes: drug class → pathway branch (Figure 2 colours) and table of the manuscript. Used by column E of Experiments.
A7: References: the 68 references cited for these experiments, numbered as in the manuscript (DOI as given there).
A8: Summary: counts per drug class (the wheel sectors) and a check of every number quoted in the manuscript text.
A10: Which rows are drawn
A11: The wheel shows rows with In wheel = yes (In Tables 1–3 = yes and Include in figure = yes): 80 experiments.
A12: Two curated rows are kept for transparency but not drawn: Etanercept [56] sonication-induced traumatic optic neuropathy (not in Table 1) and BIRB 796 [88] squirrel monkey (non-rodent arm, not in Table 2).
A14: Definitions
A15: Treatment duration = days from first to last dose, inclusive (single dose = 1 d; continuous dosing = until sacrifice; 1 month = 30 d; several arms = longest).
... A23: Colour key: blue text = values taken from the manuscript text for checking; black = data or formulas.

Sheet Summary
A1: Check against the manuscript text
A2: Quantity | B2: From the data (formula) | C2: Manuscript text | D2: Match | E2: Note
A3: Experiments in Tables 1–3 (drawn in the wheel) | B3: =COUNTIFS(Experiments!$T$2:$T$83,"yes") -> 80 | C3: 80 | D3: =IF(ABS(B3-C3)<=0+0.000000001,"yes","CHECK") -> yes
A4: Compounds | B4: =SUMPRODUCT((Experiments!$T$2:$T$83="yes")/(COUNTIFS(Experiments!$C$2:$C$83,Experiments!$C$2:$C$83,Experiments!$T$2:$T$83,"yes")+(Experiments!$T$2:$T$83<>"yes"))) -> 49 | C4: 49 | D4: =IF(ABS(B4-C4)<=0+0.000000001,"yes","CHECK") -> yes
A5: Studies (distinct references) | B5: =SUMPRODUCT((Experiments!$T$2:$T$83="yes")/(COUNTIFS(Experiments!$G$2:$G$83,Experiments!$G$2:$G$83,Experiments!$T$2:$T$83,"yes")+(Experiments!$T$2:$T$83<>"yes"))) -> 68 | C5: 68 | D5: =IF(ABS(B5-C5)<=0+0.000000001,"yes","CHECK") -> yes
A6: Share using acute injury models | B6: =COUNTIFS(Experiments!$K$2:$K$83,"Acute injury",Experiments!$T$2:$T$83,"yes")/B3 -> 0.6375 | C6: 0.64 | D6: =IF(ABS(B6-C6)<=0.005+0.000000001,"yes","CHECK") -> yes
A7: Share using genetic or metabolic models | B7: =COUNTIFS(Experiments!$K$2:$K$83,"Genetic / metabolic",Experiments!$T$2:$T$83,"yes")/B3 -> 0.125 | C7: 0.12 | D7: =IF(ABS(B7-C7)<=0.005+0.000000001,"yes","CHECK") -> yes | E7: 10 of 80 = 12.5%. Standard rounding gives 13%; the text and Figure 3 say 12% (round-half-to-even). Consider writing 12.5%.
A8: Experiments with a single dose | B8: =COUNTIFS(Experiments!$O$2:$O$83,"Single dose",Experiments!$T$2:$T$83,"yes") -> 30 | C8: 30 | D8: =IF(ABS(B8-C8)<=0+0.000000001,"yes","CHECK") -> yes
A9: Repeated-dose regimens lasting 4 weeks or less | B9: =COUNTIFS(Experiments!$N$2:$N$83,">1",Experiments!$N$2:$N$83,"<=28",Experiments!$T$2:$T$83,"yes")/COUNTIFS(Experiments!$N$2:$N$83,">1",Experiments!$T$2:$T$83,"yes") -> 0.69387755 | C9: 0.69 | D9: =IF(ABS(B9-C9)<=0.005+0.000000001,"yes","CHECK") -> yes
A12: Experiments per drug class (wheel sectors, sorted by drug class)
A13: Drug class | B13: Pathway | C13: Experiments | D13: Systemic | E13: Intravitreal | F13: Topical | G13: Subconj. / retrobulbar | H13: Systemic + intravitreal | I13: Acute injury | J13: Induced OHT | K13: Genetic / metabolic | L13: Single dose | M13: Repeated dosing | N13: Duration not reported
A14: TNF-α | B14: =INDEX('Drug classes'!$B$2:$B$20,MATCH(A14,'Drug classes'!$A$2:$A$20,0)) -> TNF / RIPK / MAPK | C14: =COUNTIFS(Experiments!$D$2:$D$83,A14,Experiments!$T$2:$T$83,"yes") -> 11 | D14: =COUNTIFS(Experiments!$D$2:$D$83,$A14,Experiments!$L$2:$L$83,"Systemic",Experiments!$T$2:$T$83,"yes") -> 7 | E14: =COUNTIFS(Experiments!$D$2:$D$83,$A14,Experiments!$L$2:$L$83,"Intravitreal",Experiments!$T$2:$T$83,"yes") -> 2 | F14: =COUNTIFS(Experiments!$D$2:$D$83,$A14,Experiments!$L$2:$L$83,"Topical",Experiments!$T$2:$T$83,"yes") -> 0 | G14: =COUNTIFS(Experiments!$D$2:$D$83,$A14,Experiments!$L$2:$L$83,"Periocular",Experiments!$T$2:$T$83,"yes") -> 1 | H14: =COUNTIFS(Experiments!$D$2:$D$83,$A14,Experiments!$L$2:$L$83,"Combined",Experiments!$T$2:$T$83,"yes") -> 1 | I14: =COUNTIFS(Experiments!$D$2:$D$83,$A14,Experiments!$K$2:$K$83,"Acute injury",Experiments!$T$2:$T$83,"yes") -> 9 | J14: =COUNTIFS(Experiments!$D$2:$D$83,$A14,Experiments!$K$2:$K$83,"Induced OHT",Experiments!$T$2:$T$83,"yes") -> 2 | K14: =COUNTIFS(Experiments!$D$2:$D$83,$A14,Experiments!$K$2:$K$83,"Genetic / metabolic",Experiments!$T$2:$T$83,"yes") -> 0 | L14: =COUNTIFS(Experiments!$D$2:$D$83,$A14,Experiments!$O$2:$O$83,"Single dose",Experiments!$T$2:$T$83,"yes") -> 5 | M14: =COUNTIFS(Experiments!$D$2:$D$83,$A14,Experiments!$N$2:$N$83,">1",Experiments!$T$2:$T$83,"yes") -> 6 | N14: =COUNTIFS(Experiments!$D$2:$D$83,$A14,Experiments!$O$2:$O$83,"Not reported",Experiments!$T$2:$T$83,"yes") -> 0
A15: IL-1β | B15: =INDEX('Drug classes'!$B$2:$B$20,MATCH(A15,'Drug classes'!$A$2:$A$20,0)) -> TLR4 / IL-1R / NF-κB | C15: =COUNTIFS(Experiments!$D$2:$D$83,A15,Experiments!$T$2:$T$83,"yes") -> 2 | D15: =COUNTIFS(Experiments!$D$2:$D$83,$A15,Experiments!$L$2:$L$83,"Systemic",Experiments!$T$2:$T$83,"yes") -> 1 | E15: =COUNTIFS(Experiments!$D$2:$D$83,$A15,Experiments!$L$2:$L$83,"Intravitreal",Experiments!$T$2:$T$83,"yes") -> 1 | F15: =COUNTIFS(Experiments!$D$2:$D$83,$A15,Experiments!$L$2:$L$83,"Topical",Experiments!$T$2:$T$83,"yes") -> 0 | G15: =COUNTIFS(Experiments!$D$2:$D$83,$A15,Experiments!$L$2:$L$83,"Periocular",Experiments!$T$2:$T$83,"yes") -> 0 | H15: =COUNTIFS(Experiments!$D$2:$D$83,$A15,Experiments!$L$2:$L$83,"Combined",Experiments!$T$2:$T$83,"yes") -> 0 | I15: =COUNTIFS(Experiments!$D$2:$D$83,$A15,Experiments!$K$2:$K$83,"Acute injury",Experiments!$T$2:$T$83,"yes") -> 2 | J15: =COUNTIFS(Experiments!$D$2:$D$83,$A15,Experiments!$K$2:$K$83,"Induced OHT",Experiments!$T$2:$T$83,"yes") -> 0 | K15: =COUNTIFS(Experiments!$D$2:$D$83,$A15,Experiments!$K$2:$K$83,"Genetic / metabolic",Experiments!$T$2:$T$83,"yes") -> 0 | L15: =COUNTIFS(Experiments!$D$2:$D$83,$A15,Experiments!$O$2:$O$83,"Single dose",Experiments!$T$2:$T$83,"yes") -> 1 | M15: =COUNTIFS(Experiments!$D$2:$D$83,$A15,Experiments!$N$2:$N$83,">1",Experiments!$T$2:$T$83,"yes") -> 1 | N15: =COUNTIFS(Experiments!$D$2:$D$83,$A15,Experiments!$O$2:$O$83,"Not reported",Experiments!$T$2:$T$83,"yes") -> 0
A16: IL-6 | B16: =INDEX('Drug classes'!$B$2:$B$20,MATCH(A16,'Drug classes'!$A$2:$A$20,0)) -> IL-6 / JAK-STAT3 | C16: =COUNTIFS(Experiments!$D$2:$D$83,A16,Experiments!$T$2:$T$83,"yes") -> 1 | D16: =COUNTIFS(Experiments!$D$2:$D$83,$A16,Experiments!$L$2:$L$83,"Systemic",Experiments!$T$2:$T$83,"yes") -> 1 | E16: =COUNTIFS(Experiments!$D$2:$D$83,$A16,Experiments!$L$2:$L$83,"Intravitreal",Experiments!$T$2:$T$83,"yes") -> 0 | F16: =COUNTIFS(Experiments!$D$2:$D$83,$A16,Experiments!$L$2:$L$83,"Topical",Experiments!$T$2:$T$83,"yes") -> 0 | G16: =COUNTIFS(Experiments!$D$2:$D$83,$A16,Experiments!$L$2:$L$83,"Periocular",Experiments!$T$2:$T$83,"yes") -> 0 | H16: =COUNTIFS(Experiments!$D$2:$D$83,$A16,Experiments!$L$2:$L$83,"Combined",Experiments!$T$2:$T$83,"yes") -> 0 | I16: =COUNTIFS(Experiments!$D$2:$D$83,$A16,Experiments!$K$2:$K$83,"Acute injury",Experiments!$T$2:$T$83,"yes") -> 0 | J16: =COUNTIFS(Experiments!$D$2:$D$83,$A16,Experiments!$K$2:$K$83,"Induced OHT",Experiments!$T$2:$T$83,"yes") -> 0 | K16: =COUNTIFS(Experiments!$D$2:$D$83,$A16,Experiments!$K$2:$K$83,"Genetic / metabolic",Experiments!$T$2:$T$83,"yes") -> 1 | L16: =COUNTIFS(Experiments!$D$2:$D$83,$A16,Experiments!$O$2:$O$83,"Single dose",Experiments!$T$2:$T$83,"yes") -> 0 | M16: =COUNTIFS(Experiments!$D$2:$D$83,$A16,Experiments!$N$2:$N$83,">1",Experiments!$T$2:$T$83,"yes") -> 1 | N16: =COUNTIFS(Experiments!$D$2:$D$83,$A16,Experiments!$O$2:$O$83,"Not reported",Experiments!$T$2:$T$83,"yes") -> 0
A17: RIPK1/3 | B17: =INDEX('Drug classes'!$B$2:$B$20,MATCH(A17,'Drug classes'!$A$2:$A$20,0)) -> TNF / RIPK / MAPK | C17: =COUNTIFS(Experiments!$D$2:$D$83,A17,Experiments!$T$2:$T$83,"yes") -> 4 | D17: =COUNTIFS(Experiments!$D$2:$D$83,$A17,Experiments!$L$2:$L$83,"Systemic",Experiments!$T$2:$T$83,"yes") -> 1 | E17: =COUNTIFS(Experiments!$D$2:$D$83,$A17,Experiments!$L$2:$L$83,"Intravitreal",Experiments!$T$2:$T$83,"yes") -> 3 | F17: =COUNTIFS(Experiments!$D$2:$D$83,$A17,Experiments!$L$2:$L$83,"Topical",Experiments!$T$2:$T$83,"yes") -> 0 | G17: =COUNTIFS(Experiments!$D$2:$D$83,$A17,Experiments!$L$2:$L$83,"Periocular",Experiments!$T$2:$T$83,"yes") -> 0 | H17: =COUNTIFS(Experiments!$D$2:$D$83,$A17,Experiments!$L$2:$L$83,"Combined",Experiments!$T$2:$T$83,"yes") -> 0 | I17: =COUNTIFS(Experiments!$D$2:$D$83,$A17,Experiments!$K$2:$K$83,"Acute injury",Experiments!$T$2:$T$83,"yes") -> 4 | J17: =COUNTIFS(Experiments!$D$2:$D$83,$A17,Experiments!$K$2:$K$83,"Induced OHT",Experiments!$T$2:$T$83,"yes") -> 0 | K17: =COUNTIFS(Experiments!$D$2:$D$83,$A17,Experiments!$K$2:$K$83,"Genetic / metabolic",Experiments!$T$2:$T$83,"yes") -> 0 | L17: =COUNTIFS(Experiments!$D$2:$D$83,$A17,Experiments!$O$2:$O$83,"Single dose",Experiments!$T$2:$T$83,"yes") -> 4 | M17: =COUNTIFS(Experiments!$D$2:$D$83,$A17,Experiments!$N$2:$N$83,">1",Experiments!$T$2:$T$83,"yes") -> 0 | N17: =COUNTIFS(Experiments!$D$2:$D$83,$A17,Experiments!$O$2:$O$83,"Not reported",Experiments!$T$2:$T$83,"yes") -> 0
A18: p38 MAPK | B18: =INDEX('Drug classes'!$B$2:$B$20,MATCH(A18,'Drug classes'!$A$2:$A$20,0)) -> TNF / RIPK / MAPK | C18: =COUNTIFS(Experiments!$D$2:$D$83,A18,Experiments!$T$2:$T$83,"yes") -> 4 | D18: =COUNTIFS(Experiments!$D$2:$D$83,$A18,Experiments!$L$2:$L$83,"Systemic",Experiments!$T$2:$T$83,"yes") -> 1 | E18: =COUNTIFS(Experiments!$D$2:$D$83,$A18,Experiments!$L$2:$L$83,"Intravitreal",Experiments!$T$2:$T$83,"yes") -> 0 | F18: =COUNTIFS(Experiments!$D$2:$D$83,$A18,Experiments!$L$2:$L$83,"Topical",Experiments!$T$2:$T$83,"yes") -> 3 | G18: =COUNTIFS(Experiments!$D$2:$D$83,$A18,Experiments!$L$2:$L$83,"Periocular",Experiments!$T$2:$T$83,"yes") -> 0 | H18: =COUNTIFS(Experiments!$D$2:$D$83,$A18,Experiments!$L$2:$L$83,"Combined",Experiments!$T$2:$T$83,"yes") -> 0 | I18: =COUNTIFS(Experiments!$D$2:$D$83,$A18,Experiments!$K$2:$K$83,"Acute injury",Experiments!$T$2:$T$83,"yes") -> 0 | J18: =COUNTIFS(Experiments!$D$2:$D$83,$A18,Experiments!$K$2:$K$83,"Induced OHT",Experiments!$T$2:$T$83,"yes") -> 3 | K18: =COUNTIFS(Experiments!$D$2:$D$83,$A18,Experiments!$K$2:$K$83,"Genetic / metabolic",Experiments!$T$2:$T$83,"yes") -> 1 | L18: =COUNTIFS(Experiments!$D$2:$D$83,$A18,Experiments!$O$2:$O$83,"Single dose",Experiments!$T$2:$T$83,"yes") -> 0 | M18: =COUNTIFS(Experiments!$D$2:$D$83,$A18,Experiments!$N$2:$N$83,">1",Experiments!$T$2:$T$83,"yes") -> 4 | N18: =COUNTIFS(Experiments!$D$2:$D$83,$A18,Experiments!$O$2:$O$83,"Not reported",Experiments!$T$2:$T$83,"yes") -> 0
A19: JNK | B19: =INDEX('Drug classes'!$B$2:$B$20,MATCH(A19,'Drug classes'!$A$2:$A$20,0)) -> TNF / RIPK / MAPK | C19: =COUNTIFS(Experiments!$D$2:$D$83,A19,Experiments!$T$2:$T$83,"yes") -> 3 | D19: =COUNTIFS(Experiments!$D$2:$D$83,$A19,Experiments!$L$2:$L$83,"Systemic",Experiments!$T$2:$T$83,"yes") -> 3 | E19: =COUNTIFS(Experiments!$D$2:$D$83,$A19,Experiments!$L$2:$L$83,"Intravitreal",Experiments!$T$2:$T$83,"yes") -> 0 | F19: =COUNTIFS(Experiments!$D$2:$D$83,$A19,Experiments!$L$2:$L$83,"Topical",Experiments!$T$2:$T$83,"yes") -> 0 | G19: =COUNTIFS(Experiments!$D$2:$D$83,$A19,Experiments!$L$2:$L$83,"Periocular",Experiments!$T$2:$T$83,"yes") -> 0 | H19: =COUNTIFS(Experiments!$D$2:$D$83,$A19,Experiments!$L$2:$L$83,"Combined",Experiments!$T$2:$T$83,"yes") -> 0 | I19: =COUNTIFS(Experiments!$D$2:$D$83,$A19,Experiments!$K$2:$K$83,"Acute injury",Experiments!$T$2:$T$83,"yes") -> 3 | J19: =COUNTIFS(Experiments!$D$2:$D$83,$A19,Experiments!$K$2:$K$83,"Induced OHT",Experiments!$T$2:$T$83,"yes") -> 0 | K19: =COUNTIFS(Experiments!$D$2:$D$83,$A19,Experiments!$K$2:$K$83,"Genetic / metabolic",Experiments!$T$2:$T$83,"yes") -> 0 | L19: =COUNTIFS(Experiments!$D$2:$D$83,$A19,Experiments!$O$2:$O$83,"Single dose",Experiments!$T$2:$T$83,"yes") -> 1 | M19: =COUNTIFS(Experiments!$D$2:$D$83,$A19,Experiments!$N$2:$N$83,">1",Experiments!$T$2:$T$83,"yes") -> 2 | N19: =COUNTIFS(Experiments!$D$2:$D$83,$A19,Experiments!$O$2:$O$83,"Not reported",Experiments!$T$2:$T$83,"yes") -> 0
A20: TLR4 | B20: =INDEX('Drug classes'!$B$2:$B$20,MATCH(A20,'Drug classes'!$A$2:$A$20,0)) -> TLR4 / IL-1R / NF-κB | C20: =COUNTIFS(Experiments!$D$2:$D$83,A20,Experiments!$T$2:$T$83,"yes") -> 3 | D20: =COUNTIFS(Experiments!$D$2:$D$83,$A20,Experiments!$L$2:$L$83,"Systemic",Experiments!$T$2:$T$83,"yes") -> 0 | E20: =COUNTIFS(Experiments!$D$2:$D$83,$A20,Experiments!$L$2:$L$83,"Intravitreal",Experiments!$T$2:$T$83,"yes") -> 3 | F20: =COUNTIFS(Experiments!$D$2:$D$83,$A20,Experiments!$L$2:$L$83,"Topical",Experiments!$T$2:$T$83,"yes") -> 0 | G20: =COUNTIFS(Experiments!$D$2:$D$83,$A20,Experiments!$L$2:$L$83,"Periocular",Experiments!$T$2:$T$83,"yes") -> 0 | H20: =COUNTIFS(Experiments!$D$2:$D$83,$A20,Experiments!$L$2:$L$83,"Combined",Experiments!$T$2:$T$83,"yes") -> 0 | I20: =COUNTIFS(Experiments!$D$2:$D$83,$A20,Experiments!$K$2:$K$83,"Acute injury",Experiments!$T$2:$T$83,"yes") -> 2 | J20: =COUNTIFS(Experiments!$D$2:$D$83,$A20,Experiments!$K$2:$K$83,"Induced OHT",Experiments!$T$2:$T$83,"yes") -> 1 | K20: =COUNTIFS(Experiments!$D$2:$D$83,$A20,Experiments!$K$2:$K$83,"Genetic / metabolic",Experiments!$T$2:$T$83,"yes") -> 0 | L20: =COUNTIFS(Experiments!$D$2:$D$83,$A20,Experiments!$O$2:$O$83,"Single dose",Experiments!$T$2:$T$83,"yes") -> 2 | M20: =COUNTIFS(Experiments!$D$2:$D$83,$A20,Experiments!$N$2:$N$83,">1",Experiments!$T$2:$T$83,"yes") -> 1 | N20: =COUNTIFS(Experiments!$D$2:$D$83,$A20,Experiments!$O$2:$O$83,"Not reported",Experiments!$T$2:$T$83,"yes") -> 0
A21: NF-κB | B21: =INDEX('Drug classes'!$B$2:$B$20,MATCH(A21,'Drug classes'!$A$2:$A$20,0)) -> TLR4 / IL-1R / NF-κB | C21: =COUNTIFS(Experiments!$D$2:$D$83,A21,Experiments!$T$2:$T$83,"yes") -> 6 | D21: =COUNTIFS(Experiments!$D$2:$D$83,$A21,Experiments!$L$2:$L$83,"Systemic",Experiments!$T$2:$T$83,"yes") -> 3 | E21: =COUNTIFS(Experiments!$D$2:$D$83,$A21,Experiments!$L$2:$L$83,"Intravitreal",Experiments!$T$2:$T$83,"yes") -> 3 | F21: =COUNTIFS(Experiments!$D$2:$D$83,$A21,Experiments!$L$2:$L$83,"Topical",Experiments!$T$2:$T$83,"yes") -> 0 | G21: =COUNTIFS(Experiments!$D$2:$D$83,$A21,Experiments!$L$2:$L$83,"Periocular",Experiments!$T$2:$T$83,"yes") -> 0 | H21: =COUNTIFS(Experiments!$D$2:$D$83,$A21,Experiments!$L$2:$L$83,"Combined",Experiments!$T$2:$T$83,"yes") -> 0 | I21: =COUNTIFS(Experiments!$D$2:$D$83,$A21,Experiments!$K$2:$K$83,"Acute injury",Experiments!$T$2:$T$83,"yes") -> 3 | J21: =COUNTIFS(Experiments!$D$2:$D$83,$A21,Experiments!$K$2:$K$83,"Induced OHT",Experiments!$T$2:$T$83,"yes") -> 1 | K21: =COUNTIFS(Experiments!$D$2:$D$83,$A21,Experiments!$K$2:$K$83,"Genetic / metabolic",Experiments!$T$2:$T$83,"yes") -> 2 | L21: =COUNTIFS(Experiments!$D$2:$D$83,$A21,Experiments!$O$2:$O$83,"Single dose",Experiments!$T$2:$T$83,"yes") -> 2 | M21: =COUNTIFS(Experiments!$D$2:$D$83,$A21,Experiments!$N$2:$N$83,">1",Experiments!$T$2:$T$83,"yes") -> 4 | N21: =COUNTIFS(Experiments!$D$2:$D$83,$A21,Experiments!$O$2:$O$83,"Not reported",Experiments!$T$2:$T$83,"yes") -> 0
A22: P2X7 | B22: =INDEX('Drug classes'!$B$2:$B$20,MATCH(A22,'Drug classes'!$A$2:$A$20,0)) -> P2X7 / NLRP3 | C22: =COUNTIFS(Experiments!$D$2:$D$83,A22,Experiments!$T$2:$T$83,"yes") -> 2 | D22: =COUNTIFS(Experiments!$D$2:$D$83,$A22,Experiments!$L$2:$L$83,"Systemic",Experiments!$T$2:$T$83,"yes") -> 0 | E22: =COUNTIFS(Experiments!$D$2:$D$83,$A22,Experiments!$L$2:$L$83,"Intravitreal",Experiments!$T$2:$T$83,"yes") -> 1 | F22: =COUNTIFS(Experiments!$D$2:$D$83,$A22,Experiments!$L$2:$L$83,"Topical",Experiments!$T$2:$T$83,"yes") -> 1 | G22: =COUNTIFS(Experiments!$D$2:$D$83,$A22,Experiments!$L$2:$L$83,"Periocular",Experiments!$T$2:$T$83,"yes") -> 0 | H22: =COUNTIFS(Experiments!$D$2:$D$83,$A22,Experiments!$L$2:$L$83,"Combined",Experiments!$T$2:$T$83,"yes") -> 0 | I22: =COUNTIFS(Experiments!$D$2:$D$83,$A22,Experiments!$K$2:$K$83,"Acute injury",Experiments!$T$2:$T$83,"yes") -> 0 | J22: =COUNTIFS(Experiments!$D$2:$D$83,$A22,Experiments!$K$2:$K$83,"Induced OHT",Experiments!$T$2:$T$83,"yes") -> 1 | K22: =COUNTIFS(Experiments!$D$2:$D$83,$A22,Experiments!$K$2:$K$83,"Genetic / metabolic",Experiments!$T$2:$T$83,"yes") -> 1 | L22: =COUNTIFS(Experiments!$D$2:$D$83,$A22,Experiments!$O$2:$O$83,"Single dose",Experiments!$T$2:$T$83,"yes") -> 0 | M22: =COUNTIFS(Experiments!$D$2:$D$83,$A22,Experiments!$N$2:$N$83,">1",Experiments!$T$2:$T$83,"yes") -> 1 | N22: =COUNTIFS(Experiments!$D$2:$D$83,$A22,Experiments!$O$2:$O$83,"Not reported",Experiments!$T$2:$T$83,"yes") -> 1
A23: NLRP3 / ASC | B23: =INDEX('Drug classes'!$B$2:$B$20,MATCH(A23,'Drug classes'!$A$2:$A$20,0)) -> P2X7 / NLRP3 | C23: =COUNTIFS(Experiments!$D$2:$D$83,A23,Experiments!$T$2:$T$83,"yes") -> 4 | D23: =COUNTIFS(Experiments!$D$2:$D$83,$A23,Experiments!$L$2:$L$83,"Systemic",Experiments!$T$2:$T$83,"yes") -> 1 | E23: =COUNTIFS(Experiments!$D$2:$D$83,$A23,Experiments!$L$2:$L$83,"Intravitreal",Experiments!$T$2:$T$83,"yes") -> 3 | F23: =COUNTIFS(Experiments!$D$2:$D$83,$A23,Experiments!$L$2:$L$83,"Topical",Experiments!$T$2:$T$83,"yes") -> 0 | G23: =COUNTIFS(Experiments!$D$2:$D$83,$A23,Experiments!$L$2:$L$83,"Periocular",Experiments!$T$2:$T$83,"yes") -> 0 | H23: =COUNTIFS(Experiments!$D$2:$D$83,$A23,Experiments!$L$2:$L$83,"Combined",Experiments!$T$2:$T$83,"yes") -> 0 | I23: =COUNTIFS(Experiments!$D$2:$D$83,$A23,Experiments!$K$2:$K$83,"Acute injury",Experiments!$T$2:$T$83,"yes") -> 2 | J23: =COUNTIFS(Experiments!$D$2:$D$83,$A23,Experiments!$K$2:$K$83,"Induced OHT",Experiments!$T$2:$T$83,"yes") -> 0 | K23: =COUNTIFS(Experiments!$D$2:$D$83,$A23,Experiments!$K$2:$K$83,"Genetic / metabolic",Experiments!$T$2:$T$83,"yes") -> 2 | L23: =COUNTIFS(Experiments!$D$2:$D$83,$A23,Experiments!$O$2:$O$83,"Single dose",Experiments!$T$2:$T$83,"yes") -> 3 | M23: =COUNTIFS(Experiments!$D$2:$D$83,$A23,Experiments!$N$2:$N$83,">1",Experiments!$T$2:$T$83,"yes") -> 1 | N23: =COUNTIFS(Experiments!$D$2:$D$83,$A23,Experiments!$O$2:$O$83,"Not reported",Experiments!$T$2:$T$83,"yes") -> 0
A24: JAK/STAT3 | B24: =INDEX('Drug classes'!$B$2:$B$20,MATCH(A24,'Drug classes'!$A$2:$A$20,0)) -> IL-6 / JAK-STAT3 | C24: =COUNTIFS(Experiments!$D$2:$D$83,A24,Experiments!$T$2:$T$83,"yes") -> 2 | D24: =COUNTIFS(Experiments!$D$2:$D$83,$A24,Experiments!$L$2:$L$83,"Systemic",Experiments!$T$2:$T$83,"yes") -> 2 | E24: =COUNTIFS(Experiments!$D$2:$D$83,$A24,Experiments!$L$2:$L$83,"Intravitreal",Experiments!$T$2:$T$83,"yes") -> 0 | F24: =COUNTIFS(Experiments!$D$2:$D$83,$A24,Experiments!$L$2:$L$83,"Topical",Experiments!$T$2:$T$83,"yes") -> 0 | G24: =COUNTIFS(Experiments!$D$2:$D$83,$A24,Experiments!$L$2:$L$83,"Periocular",Experiments!$T$2:$T$83,"yes") -> 0 | H24: =COUNTIFS(Experiments!$D$2:$D$83,$A24,Experiments!$L$2:$L$83,"Combined",Experiments!$T$2:$T$83,"yes") -> 0 | I24: =COUNTIFS(Experiments!$D$2:$D$83,$A24,Experiments!$K$2:$K$83,"Acute injury",Experiments!$T$2:$T$83,"yes") -> 1 | J24: =COUNTIFS(Experiments!$D$2:$D$83,$A24,Experiments!$K$2:$K$83,"Induced OHT",Experiments!$T$2:$T$83,"yes") -> 1 | K24: =COUNTIFS(Experiments!$D$2:$D$83,$A24,Experiments!$K$2:$K$83,"Genetic / metabolic",Experiments!$T$2:$T$83,"yes") -> 0 | L24: =COUNTIFS(Experiments!$D$2:$D$83,$A24,Experiments!$O$2:$O$83,"Single dose",Experiments!$T$2:$T$83,"yes") -> 0 | M24: =COUNTIFS(Experiments!$D$2:$D$83,$A24,Experiments!$N$2:$N$83,">1",Experiments!$T$2:$T$83,"yes") -> 2 | N24: =COUNTIFS(Experiments!$D$2:$D$83,$A24,Experiments!$O$2:$O$83,"Not reported",Experiments!$T$2:$T$83,"yes") -> 0
A25: Glial inhibition | B25: =INDEX('Drug classes'!$B$2:$B$20,MATCH(A25,'Drug classes'!$A$2:$A$20,0)) -> Broad anti-inflammatory | C25: =COUNTIFS(Experiments!$D$2:$D$83,A25,Experiments!$T$2:$T$83,"yes") -> 7 | D25: =COUNTIFS(Experiments!$D$2:$D$83,$A25,Experiments!$L$2:$L$83,"Systemic",Experiments!$T$2:$T$83,"yes") -> 6 | E25: =COUNTIFS(Experiments!$D$2:$D$83,$A25,Experiments!$L$2:$L$83,"Intravitreal",Experiments!$T$2:$T$83,"yes") -> 1 | F25: =COUNTIFS(Experiments!$D$2:$D$83,$A25,Experiments!$L$2:$L$83,"Topical",Experiments!$T$2:$T$83,"yes") -> 0 | G25: =COUNTIFS(Experiments!$D$2:$D$83,$A25,Experiments!$L$2:$L$83,"Periocular",Experiments!$T$2:$T$83,"yes") -> 0 | H25: =COUNTIFS(Experiments!$D$2:$D$83,$A25,Experiments!$L$2:$L$83,"Combined",Experiments!$T$2:$T$83,"yes") -> 0 | I25: =COUNTIFS(Experiments!$D$2:$D$83,$A25,Experiments!$K$2:$K$83,"Acute injury",Experiments!$T$2:$T$83,"yes") -> 4 | J25: =COUNTIFS(Experiments!$D$2:$D$83,$A25,Experiments!$K$2:$K$83,"Induced OHT",Experiments!$T$2:$T$83,"yes") -> 2 | K25: =COUNTIFS(Experiments!$D$2:$D$83,$A25,Experiments!$K$2:$K$83,"Genetic / metabolic",Experiments!$T$2:$T$83,"yes") -> 1 | L25: =COUNTIFS(Experiments!$D$2:$D$83,$A25,Experiments!$O$2:$O$83,"Single dose",Experiments!$T$2:$T$83,"yes") -> 2 | M25: =COUNTIFS(Experiments!$D$2:$D$83,$A25,Experiments!$N$2:$N$83,">1",Experiments!$T$2:$T$83,"yes") -> 5 | N25: =COUNTIFS(Experiments!$D$2:$D$83,$A25,Experiments!$O$2:$O$83,"Not reported",Experiments!$T$2:$T$83,"yes") -> 0
... A32: Antibiotic | B32: =INDEX('Drug classes'!$B$2:$B$20,MATCH(A32,'Drug classes'!$A$2:$A$20,0)) -> Broad anti-inflammatory | C32: =COUNTIFS(Experiments!$D$2:$D$83,A32,Experiments!$T$2:$T$83,"yes") -> 3 | D32: =COUNTIFS(Experiments!$D$2:$D$83,$A32,Experiments!$L$2:$L$83,"Systemic",Experiments!$T$2:$T$83,"yes") -> 3 | E32: =COUNTIFS(Experiments!$D$2:$D$83,$A32,Experiments!$L$2:$L$83,"Intravitreal",Experiments!$T$2:$T$83,"yes") -> 0 | F32: =COUNTIFS(Experiments!$D$2:$D$83,$A32,Experiments!$L$2:$L$83,"Topical",Experiments!$T$2:$T$83,"yes") -> 0 | G32: =COUNTIFS(Experiments!$D$2:$D$83,$A32,Experiments!$L$2:$L$83,"Periocular",Experiments!$T$2:$T$83,"yes") -> 0 | H32: =COUNTIFS(Experiments!$D$2:$D$83,$A32,Experiments!$L$2:$L$83,"Combined",Experiments!$T$2:$T$83,"yes") -> 0 | I32: =COUNTIFS(Experiments!$D$2:$D$83,$A32,Experiments!$K$2:$K$83,"Acute injury",Experiments!$T$2:$T$83,"yes") -> 2 | J32: =COUNTIFS(Experiments!$D$2:$D$83,$A32,Experiments!$K$2:$K$83,"Induced OHT",Experiments!$T$2:$T$83,"yes") -> 1 | K32: =COUNTIFS(Experiments!$D$2:$D$83,$A32,Experiments!$K$2:$K$83,"Genetic / metabolic",Experiments!$T$2:$T$83,"yes") -> 0 | L32: =COUNTIFS(Experiments!$D$2:$D$83,$A32,Experiments!$O$2:$O$83,"Single dose",Experiments!$T$2:$T$83,"yes") -> 3 | M32: =COUNTIFS(Experiments!$D$2:$D$83,$A32,Experiments!$N$2:$N$83,">1",Experiments!$T$2:$T$83,"yes") -> 0 | N32: =COUNTIFS(Experiments!$D$2:$D$83,$A32,Experiments!$O$2:$O$83,"Not reported",Experiments!$T$2:$T$83,"yes") -> 0
A33: Total | C33: =SUM(C14:C32) -> 80 | D33: =SUM(D14:D32) -> 46 | E33: =SUM(E14:E32) -> 25 | F33: =SUM(F14:F32) -> 6 | G33: =SUM(G14:G32) -> 2 | H33: =SUM(H14:H32) -> 1 | I33: =SUM(I14:I32) -> 51 | J33: =SUM(J14:J32) -> 19 | ... N33: =SUM(N14:N32) -> 1
A34: Each row must add up: routes, model categories and dosing groups each sum to the Experiments column.

Sheet Experiments
A1: ID | B1: Compound | C1: Compound (base name) | D1: Drug class | E1: Pathway (Figure 2 branch) | F1: Manuscript table | G1: Reference | H1: Species | I1: Model (as reported) | J1: Injury model (grouped) | K1: Model category | L1: Route | M1: Route detail | N1: Treatment duration (days) | O1: Dosing group | P1: Readout day | Q1: RGC outcome | R1: In Tables 1–3 | S1: Include in figure | T1: In wheel
A2: 1 | B2: Etanercept | C2: Etanercept | D2: TNF-α | E2: =INDEX('Drug classes'!$B$2:$B$20,MATCH(D2,'Drug classes'!$A$2:$A$20,0)) -> TNF / RIPK / MAPK | F2: 1 | G2: 55 | H2: Rat | I2: Episcleral vein cauterization OHT | J2: Episcleral vein OHT | K2: Induced OHT | L2: Systemic | M2: s.c. 0.3 or 1 mg/kg 3x/week from day 1 until sacrifice | N2: 28 | O2: =IF(N2="","Not reported",IF(N2<=1,"Single dose",IF(N2<=7,"2–7 days",IF(N2<=28,"8–28 days",IF(N2<=90,"1–3 months","> 3 months"))))) -> 8–28 days | P2: 28 | Q2: Protective | R2: yes | S2: yes | T2: =IF(AND(R2="yes",S2="yes"),"yes","no") -> yes
A3: 2 | B3: Etanercept | C3: Etanercept | D3: TNF-α | E3: =INDEX('Drug classes'!$B$2:$B$20,MATCH(D3,'Drug classes'!$A$2:$A$20,0)) -> TNF / RIPK / MAPK | F3: 1 | G3: 56 | H3: Mouse | I3: Optic nerve crush | J3: Optic nerve crush | K3: Acute injury | L3: Systemic | M3: s.c. | N3: 7 | O3: =IF(N3="","Not reported",IF(N3<=1,"Single dose",IF(N3<=7,"2–7 days",IF(N3<=28,"8–28 days",IF(N3<=90,"1–3 months","> 3 months"))))) -> 2–7 days | P3: 14 | Q3: Protective | R3: yes | S3: yes | T3: =IF(AND(R3="yes",S3="yes"),"yes","no") -> yes
A4: 3 | B4: Etanercept | C4: Etanercept | D4: TNF-α | E4: =INDEX('Drug classes'!$B$2:$B$20,MATCH(D4,'Drug classes'!$A$2:$A$20,0)) -> TNF / RIPK / MAPK | F4: 1 | G4: 56 | H4: Mouse | I4: Sonication-induced traumatic optic neuropathy | J4: Traumatic optic neuropathy (sonication) | K4: Acute injury | L4: Systemic | M4: s.c. | N4: 7 | O4: =IF(N4="","Not reported",IF(N4<=1,"Single dose",IF(N4<=7,"2–7 days",IF(N4<=28,"8–28 days",IF(N4<=90,"1–3 months","> 3 months"))))) -> 2–7 days | P4: 28 | Q4: Protective | R4: no | S4: yes | T4: =IF(AND(R4="yes",S4="yes"),"yes","no") -> no
A5: 4 | B5: Etanercept | C5: Etanercept | D5: TNF-α | E5: =INDEX('Drug classes'!$B$2:$B$20,MATCH(D5,'Drug classes'!$A$2:$A$20,0)) -> TNF / RIPK / MAPK | F5: 1 | G5: 57 | H5: Rat | I5: Retinal ischemia (high IOP) | J5: Retinal ischemia / acute IOP elevation | K5: Acute injury | L5: Systemic | M5: s.c. | N5: 28 | O5: =IF(N5="","Not reported",IF(N5<=1,"Single dose",IF(N5<=7,"2–7 days",IF(N5<=28,"8–28 days",IF(N5<=90,"1–3 months","> 3 months"))))) -> 8–28 days | P5: 28 | Q5: Protective | R5: yes | S5: yes | T5: =IF(AND(R5="yes",S5="yes"),"yes","no") -> yes
A6: 5 | B6: Infliximab | C6: Infliximab | D6: TNF-α | E6: =INDEX('Drug classes'!$B$2:$B$20,MATCH(D6,'Drug classes'!$A$2:$A$20,0)) -> TNF / RIPK / MAPK | F6: 1 | G6: 58 | H6: Mouse | I6: Corneal alkali burn | J6: Corneal alkali burn | K6: Acute injury | L6: Systemic | M6: i.p. | N6: 1 | O6: =IF(N6="","Not reported",IF(N6<=1,"Single dose",IF(N6<=7,"2–7 days",IF(N6<=28,"8–28 days",IF(N6<=90,"1–3 months","> 3 months"))))) -> Single dose | Q6: Protective | R6: yes | S6: yes | T6: =IF(AND(R6="yes",S6="yes"),"yes","no") -> yes
A7: 6 | B7: Infliximab | C7: Infliximab | D7: TNF-α | E7: =INDEX('Drug classes'!$B$2:$B$20,MATCH(D7,'Drug classes'!$A$2:$A$20,0)) -> TNF / RIPK / MAPK | F7: 1 | G7: 59 | H7: Mouse | I7: Corneal alkali burn | J7: Corneal alkali burn | K7: Acute injury | L7: Systemic | M7: i.p. | N7: 1 | O7: =IF(N7="","Not reported",IF(N7<=1,"Single dose",IF(N7<=7,"2–7 days",IF(N7<=28,"8–28 days",IF(N7<=90,"1–3 months","> 3 months"))))) -> Single dose | P7: 1 | Q7: Protective | R7: yes | S7: yes | T7: =IF(AND(R7="yes",S7="yes"),"yes","no") -> yes
A8: 7 | B8: Infliximab | C8: Infliximab | D8: TNF-α | E8: =INDEX('Drug classes'!$B$2:$B$20,MATCH(D8,'Drug classes'!$A$2:$A$20,0)) -> TNF / RIPK / MAPK | F8: 1 | G8: 59 | H8: Rabbit | I8: Corneal alkali burn | J8: Corneal alkali burn | K8: Acute injury | L8: Systemic | M8: i.v. | N8: 1 | O8: =IF(N8="","Not reported",IF(N8<=1,"Single dose",IF(N8<=7,"2–7 days",IF(N8<=28,"8–28 days",IF(N8<=90,"1–3 months","> 3 months"))))) -> Single dose | Q8: Protective | R8: yes | S8: yes | T8: =IF(AND(R8="yes",S8="yes"),"yes","no") -> yes
A9: 8 | B9: Adalimumab | C9: Adalimumab | D9: TNF-α | E9: =INDEX('Drug classes'!$B$2:$B$20,MATCH(D9,'Drug classes'!$A$2:$A$20,0)) -> TNF / RIPK / MAPK | F9: 1 | G9: 60 | H9: Rabbit | I9: Corneal alkali burn | J9: Corneal alkali burn | K9: Acute injury | L9: Periocular | M9: subconjunctival | N9: 1 | O9: =IF(N9="","Not reported",IF(N9<=1,"Single dose",IF(N9<=7,"2–7 days",IF(N9<=28,"8–28 days",IF(N9<=90,"1–3 months","> 3 months"))))) -> Single dose | P9: 90 | Q9: Protective | R9: yes | S9: yes | T9: =IF(AND(R9="yes",S9="yes"),"yes","no") -> yes
A10: 9 | B10: XPro1595 | C10: XPro1595 | D10: TNF-α | E10: =INDEX('Drug classes'!$B$2:$B$20,MATCH(D10,'Drug classes'!$A$2:$A$20,0)) -> TNF / RIPK / MAPK | F10: 1 | G10: 49 | H10: Rat | I10: Hypertonic saline episcleral vein OHT | J10: Hypertonic saline OHT | K10: Induced OHT | L10: Intravitreal | M10: intravitreal 5 uL (50 ug/uL) at 1 and 2 weeks after OHT induction; RGCs at 3 weeks | N10: 8 | O10: =IF(N10="","Not reported",IF(N10<=1,"Single dose",IF(N10<=7,"2–7 days",IF(N10<=28,"8–28 days",IF(N10<=90,"1–3 months","> 3 months"))))) -> 8–28 days | P10: 21 | Q10: Protective | R10: yes | S10: yes | T10: =IF(AND(R10="yes",S10="yes"),"yes","no") -> yes
A11: 10 | B11: R7050 | C11: R7050 | D11: TNF-α | E11: =INDEX('Drug classes'!$B$2:$B$20,MATCH(D11,'Drug classes'!$A$2:$A$20,0)) -> TNF / RIPK / MAPK | F11: 1 | G11: 62 | H11: Mouse | I11: Optic nerve crush | J11: Optic nerve crush | K11: Acute injury | L11: Systemic | M11: i.p. daily | N11: 14 | O11: =IF(N11="","Not reported",IF(N11<=1,"Single dose",IF(N11<=7,"2–7 days",IF(N11<=28,"8–28 days",IF(N11<=90,"1–3 months","> 3 months"))))) -> 8–28 days | P11: 14 | Q11: Protective | R11: yes | S11: yes | T11: =IF(AND(R11="yes",S11="yes"),"yes","no") -> yes
A12: 11 | B12: R7050 | C12: R7050 | D12: TNF-α | E12: =INDEX('Drug classes'!$B$2:$B$20,MATCH(D12,'Drug classes'!$A$2:$A$20,0)) -> TNF / RIPK / MAPK | F12: 1 | G12: 62 | H12: Mouse | I12: Optic nerve crush | J12: Optic nerve crush | K12: Acute injury | L12: Intravitreal | M12: single injection | N12: 1 | O12: =IF(N12="","Not reported",IF(N12<=1,"Single dose",IF(N12<=7,"2–7 days",IF(N12<=28,"8–28 days",IF(N12<=90,"1–3 months","> 3 months"))))) -> Single dose | P12: 14 | Q12: Protective | R12: yes | S12: yes | T12: =IF(AND(R12="yes",S12="yes"),"yes","no") -> yes
A13: 12 | B13: R7050 | C13: R7050 | D13: TNF-α | E13: =INDEX('Drug classes'!$B$2:$B$20,MATCH(D13,'Drug classes'!$A$2:$A$20,0)) -> TNF / RIPK / MAPK | F13: 1 | G13: 62 | H13: Mouse | I13: Optic nerve crush | J13: Optic nerve crush | K13: Acute injury | L13: Combined | M13: i.p. daily + single intravitreal | N13: 5 | O13: =IF(N13="","Not reported",IF(N13<=1,"Single dose",IF(N13<=7,"2–7 days",IF(N13<=28,"8–28 days",IF(N13<=90,"1–3 months","> 3 months"))))) -> 2–7 days | P13: 5 | Q13: Protective | R13: yes | S13: yes | T13: =IF(AND(R13="yes",S13="yes"),"yes","no") -> yes
A14: 13 | B14: IL-1Ra | C14: IL-1Ra | D14: IL-1β | E14: =INDEX('Drug classes'!$B$2:$B$20,MATCH(D14,'Drug classes'!$A$2:$A$20,0)) -> TLR4 / IL-1R / NF-κB | F14: 1 | G14: 71 | H14: Rat | I14: Retinal ischemia/reperfusion (high IOP) | J14: Retinal ischemia / acute IOP elevation | K14: Acute injury | L14: Intravitreal | M14: single injection 5 min before ischemia | N14: 1 | O14: =IF(N14="","Not reported",IF(N14<=1,"Single dose",IF(N14<=7,"2–7 days",IF(N14<=28,"8–28 days",IF(N14<=90,"1–3 months","> 3 months"))))) -> Single dose | P14: 7 | Q14: Protective | R14: yes | S14: yes | T14: =IF(AND(R14="yes",S14="yes"),"yes","no") -> yes
A15: 14 | B15: Anakinra | C15: Anakinra | D15: IL-1β | E15: =INDEX('Drug classes'!$B$2:$B$20,MATCH(D15,'Drug classes'!$A$2:$A$20,0)) -> TLR4 / IL-1R / NF-κB | F15: 1 | G15: 72 | H15: Mouse | I15: Blast traumatic brain injury | J15: Blast traumatic brain injury | K15: Acute injury | L15: Systemic | M15: i.p. daily (day -7 to +21) | N15: 29 | O15: =IF(N15="","Not reported",IF(N15<=1,"Single dose",IF(N15<=7,"2–7 days",IF(N15<=28,"8–28 days",IF(N15<=90,"1–3 months","> 3 months"))))) -> 1–3 months | P15: 28 | Q15: Protective | R15: yes | S15: yes | T15: =IF(AND(R15="yes",S15="yes"),"yes","no") -> yes
A16: 15 | B16: sgp130Fc | C16: sgp130Fc | D16: IL-6 | E16: =INDEX('Drug classes'!$B$2:$B$20,MATCH(D16,'Drug classes'!$A$2:$A$20,0)) -> IL-6 / JAK-STAT3 | F16: 1 | G16: 80 | H16: Mouse | I16: STZ diabetes | J16: STZ diabetes | K16: Genetic / metabolic | L16: Systemic | M16: i.p. twice weekly x 2 weeks | N16: 14 | O16: =IF(N16="","Not reported",IF(N16<=1,"Single dose",IF(N16<=7,"2–7 days",IF(N16<=28,"8–28 days",IF(N16<=90,"1–3 months","> 3 months"))))) -> 8–28 days | Q16: No RGC readout | R16: yes | S16: yes | T16: =IF(AND(R16="yes",S16="yes"),"yes","no") -> yes
A17: 16 | B17: BAY 11-7082 | C17: BAY 11-7082 | D17: NF-κB | E17: =INDEX('Drug classes'!$B$2:$B$20,MATCH(D17,'Drug classes'!$A$2:$A$20,0)) -> TLR4 / IL-1R / NF-κB | F17: 2 | G17: 83 | H17: Rat | I17: NMDA intravitreal | J17: NMDA excitotoxicity | K17: Acute injury | L17: Intravitreal | M17: co-injected with NMDA | N17: 1 | O17: =IF(N17="","Not reported",IF(N17<=1,"Single dose",IF(N17<=7,"2–7 days",IF(N17<=28,"8–28 days",IF(N17<=90,"1–3 months","> 3 months"))))) -> Single dose | P17: 7 | Q17: Protective | R17: yes | S17: yes | T17: =IF(AND(R17="yes",S17="yes"),"yes","no") -> yes
A18: 17 | B18: IMD-0354 | C18: IMD-0354 | D18: NF-κB | E18: =INDEX('Drug classes'!$B$2:$B$20,MATCH(D18,'Drug classes'!$A$2:$A$20,0)) -> TLR4 / IL-1R / NF-κB | F18: 2 | G18: 83 | H18: Rat | I18: NMDA intravitreal | J18: NMDA excitotoxicity | K18: Acute injury | L18: Intravitreal | M18: co-injected with NMDA | N18: 1 | O18: =IF(N18="","Not reported",IF(N18<=1,"Single dose",IF(N18<=7,"2–7 days",IF(N18<=28,"8–28 days",IF(N18<=90,"1–3 months","> 3 months"))))) -> Single dose | P18: 7 | Q18: Protective | R18: yes | S18: yes | T18: =IF(AND(R18="yes",S18="yes"),"yes","no") -> yes
A19: 18 | B19: IMD-0354 | C19: IMD-0354 | D19: NF-κB | E19: =INDEX('Drug classes'!$B$2:$B$20,MATCH(D19,'Drug classes'!$A$2:$A$20,0)) -> TLR4 / IL-1R / NF-κB | F19: 2 | G19: 84 | H19: Rat | I19: STZ diabetes | J19: STZ diabetes | K19: Genetic / metabolic | L19: Systemic | M19: i.p. for 6 consecutive weeks | N19: 42 | O19: =IF(N19="","Not reported",IF(N19<=1,"Single dose",IF(N19<=7,"2–7 days",IF(N19<=28,"8–28 days",IF(N19<=90,"1–3 months","> 3 months"))))) -> 1–3 months | Q19: Partial | R19: yes | S19: yes | T19: =IF(AND(R19="yes",S19="yes"),"yes","no") -> yes
A20: 19 | B20: Puerarin | C20: Puerarin | D20: NF-κB | E20: =INDEX('Drug classes'!$B$2:$B$20,MATCH(D20,'Drug classes'!$A$2:$A$20,0)) -> TLR4 / IL-1R / NF-κB | F20: 2 | G20: 85 | H20: Mouse | I20: Col8a2-mutant neovascular glaucoma | J20: Col8a2 neovascular glaucoma | K20: Genetic / metabolic | L20: Intravitreal | M20: intraocular injection 0.2 mg/kg (site not specified; classed as intravitreal) | N20: 30 | O20: =IF(N20="","Not reported",IF(N20<=1,"Single dose",IF(N20<=7,"2–7 days",IF(N20<=28,"8–28 days",IF(N20<=90,"1–3 months","> 3 months"))))) -> 1–3 months | Q20: No RGC readout | R20: yes | S20: yes | T20: =IF(AND(R20="yes",S20="yes"),"yes","no") -> yes
A21: 20 | B21: NLY01 | C21: NLY01 | D21: NF-κB | E21: =INDEX('Drug classes'!$B$2:$B$20,MATCH(D21,'Drug classes'!$A$2:$A$20,0)) -> TLR4 / IL-1R / NF-κB | F21: 2 | G21: 86 | H21: Mouse | I21: Microbead OHT | J21: Microbead OHT | K21: Induced OHT | L21: Systemic | M21: s.c. twice weekly | N21: 42 | O21: =IF(N21="","Not reported",IF(N21<=1,"Single dose",IF(N21<=7,"2–7 days",IF(N21<=28,"8–28 days",IF(N21<=90,"1–3 months","> 3 months"))))) -> 1–3 months | P21: 42 | Q21: Protective | R21: yes | S21: yes | T21: =IF(AND(R21="yes",S21="yes"),"yes","no") -> yes
A22: 21 | B22: Metformin | C22: Metformin | D22: NF-κB | E22: =INDEX('Drug classes'!$B$2:$B$20,MATCH(D22,'Drug classes'!$A$2:$A$20,0)) -> TLR4 / IL-1R / NF-κB | F22: 2 | G22: 87 | H22: Mouse | I22: Retinal ischemia/reperfusion (high IOP) | J22: Retinal ischemia / acute IOP elevation | K22: Acute injury | L22: Systemic | M22: i.p. 10 or 50 mg/kg once daily; ischemia on day 4 of treatment; continued to day 7 after | N22: 11 | O22: =IF(N22="","Not reported",IF(N22<=1,"Single dose",IF(N22<=7,"2–7 days",IF(N22<=28,"8–28 days",IF(N22<=90,"1–3 months","> 3 months"))))) -> 8–28 days | P22: 7 | Q22: Protective | R22: yes | S22: yes | T22: =IF(AND(R22="yes",S22="yes"),"yes","no") -> yes
A23: 22 | B23: BIRB 796 | C23: BIRB 796 | D23: p38 MAPK | E23: =INDEX('Drug classes'!$B$2:$B$20,MATCH(D23,'Drug classes'!$A$2:$A$20,0)) -> TNF / RIPK / MAPK | F23: 2 | G23: 88 | H23: Rat | I23: Microbead OHT | J23: Microbead OHT | K23: Induced OHT | L23: Topical | M23: eye drops twice daily Mon-Fri | N23: 28 | O23: =IF(N23="","Not reported",IF(N23<=1,"Single dose",IF(N23<=7,"2–7 days",IF(N23<=28,"8–28 days",IF(N23<=90,"1–3 months","> 3 months"))))) -> 8–28 days | P23: 28 | Q23: Protective | R23: yes | S23: yes | T23: =IF(AND(R23="yes",S23="yes"),"yes","no") -> yes
A24: 23 | B24: BIRB 796 | C24: BIRB 796 | D24: p38 MAPK | E24: =INDEX('Drug classes'!$B$2:$B$20,MATCH(D24,'Drug classes'!$A$2:$A$20,0)) -> TNF / RIPK / MAPK | F24: 2 | G24: 88 | H24: Mouse | I24: DBA/2J | J24: DBA/2J | K24: Genetic / metabolic | L24: Topical | M24: eye drops once daily Mon-Fri | N24: 168 | O24: =IF(N24="","Not reported",IF(N24<=1,"Single dose",IF(N24<=7,"2–7 days",IF(N24<=28,"8–28 days",IF(N24<=90,"1–3 months","> 3 months"))))) -> > 3 months | Q24: No protection | R24: yes | S24: yes | T24: =IF(AND(R24="yes",S24="yes"),"yes","no") -> yes
A25: 24 | B25: BIRB 796 | C25: BIRB 796 | D25: p38 MAPK | E25: =INDEX('Drug classes'!$B$2:$B$20,MATCH(D25,'Drug classes'!$A$2:$A$20,0)) -> TNF / RIPK / MAPK | F25: 2 | G25: 88 | H25: Squirrel monkey | I25: Microbead OHT | J25: Microbead OHT | K25: Induced OHT | L25: Topical | M25: eye drops once daily Mon-Fri | N25: 203 | O25: =IF(N25="","Not reported",IF(N25<=1,"Single dose",IF(N25<=7,"2–7 days",IF(N25<=28,"8–28 days",IF(N25<=90,"1–3 months","> 3 months"))))) -> > 3 months | P25: 203 | Q25: No protection | R25: no | S25: no | T25: =IF(AND(R25="yes",S25="yes"),"yes","no") -> no
A26: 25 | B26: GRGM-13 | C26: GRGM-13 | D26: p38 MAPK | E26: =INDEX('Drug classes'!$B$2:$B$20,MATCH(D26,'Drug classes'!$A$2:$A$20,0)) -> TNF / RIPK / MAPK | F26: 2 | G26: 90 | H26: Rat | I26: Hypertonic saline episcleral vein OHT | J26: Hypertonic saline OHT | K26: Induced OHT | L26: Systemic | M26: intragastric 0.4/0.8/1.6 g/kg/d, once daily x 9 days | N26: 9 | O26: =IF(N26="","Not reported",IF(N26<=1,"Single dose",IF(N26<=7,"2–7 days",IF(N26<=28,"8–28 days",IF(N26<=90,"1–3 months","> 3 months"))))) -> 8–28 days | Q26: Protective | R26: yes | S26: yes | T26: =IF(AND(R26="yes",S26="yes"),"yes","no") -> yes
A27: 26 | B27: Ro3206145 | C27: Ro3206145 | D27: p38 MAPK | E27: =INDEX('Drug classes'!$B$2:$B$20,MATCH(D27,'Drug classes'!$A$2:$A$20,0)) -> TNF / RIPK / MAPK | F27: 2 | G27: 91 | H27: Rat | I27: Microbead OHT | J27: Microbead OHT | K27: Induced OHT | L27: Topical | M27: eye drops twice daily | N27: 41 | O27: =IF(N27="","Not reported",IF(N27<=1,"Single dose",IF(N27<=7,"2–7 days",IF(N27<=28,"8–28 days",IF(N27<=90,"1–3 months","> 3 months"))))) -> 1–3 months | P27: 42 | Q27: Axonal only | R27: yes | S27: yes | T27: =IF(AND(R27="yes",S27="yes"),"yes","no") -> yes
A28: 27 | B28: SP600125 | C28: SP600125 | D28: JNK | E28: =INDEX('Drug classes'!$B$2:$B$20,MATCH(D28,'Drug classes'!$A$2:$A$20,0)) -> TNF / RIPK / MAPK | F28: 2 | G28: 103 | H28: Rat | I28: Acute moderate IOP elevation (6 h) | J28: Retinal ischemia / acute IOP elevation | K28: Acute injury | L28: Systemic | M28: systemic, given during 6-h IOP elevation (~45 mmHg) | N28: 1 | O28: =IF(N28="","Not reported",IF(N28<=1,"Single dose",IF(N28<=7,"2–7 days",IF(N28<=28,"8–28 days",IF(N28<=90,"1–3 months","> 3 months"))))) -> Single dose | P28: 0.25 | Q28: Not determined | R28: yes | S28: yes | T28: =IF(AND(R28="yes",S28="yes"),"yes","no") -> yes
A29: 28 | B29: SP600125 | C29: SP600125 | D29: JNK | E29: =INDEX('Drug classes'!$B$2:$B$20,MATCH(D29,'Drug classes'!$A$2:$A$20,0)) -> TNF / RIPK / MAPK | F29: 2 | G29: 104 | H29: Rat | I29: Acute moderate IOP elevation (7 h) | J29: Retinal ischemia / acute IOP elevation | K29: Acute injury | L29: Systemic | M29: i.p. 7 doses (days 0-7) | N29: 7 | O29: =IF(N29="","Not reported",IF(N29<=1,"Single dose",IF(N29<=7,"2–7 days",IF(N29<=28,"8–28 days",IF(N29<=90,"1–3 months","> 3 months"))))) -> 2–7 days | P29: 28 | Q29: Protective | R29: yes | S29: yes | T29: =IF(AND(R29="yes",S29="yes"),"yes","no") -> yes
A30: 29 | B30: MCC950 | C30: MCC950 | D30: NLRP3 / ASC | E30: =INDEX('Drug classes'!$B$2:$B$20,MATCH(D30,'Drug classes'!$A$2:$A$20,0)) -> P2X7 / NLRP3 | F30: 2 | G30: 92 | H30: Mouse | I30: OPTN(E50K) | J30: OPTN(E50K) | K30: Genetic / metabolic | L30: Intravitreal | M30: single injection | N30: 1 | O30: =IF(N30="","Not reported",IF(N30<=1,"Single dose",IF(N30<=7,"2–7 days",IF(N30<=28,"8–28 days",IF(N30<=90,"1–3 months","> 3 months"))))) -> Single dose | P30: 7 | Q30: Protective | R30: yes | S30: yes | T30: =IF(AND(R30="yes",S30="yes"),"yes","no") -> yes
A31: 30 | B31: MCC950 | C31: MCC950 | D31: NLRP3 / ASC | E31: =INDEX('Drug classes'!$B$2:$B$20,MATCH(D31,'Drug classes'!$A$2:$A$20,0)) -> P2X7 / NLRP3 | F31: 2 | G31: 93 | H31: Mouse | I31: STZ diabetes | J31: STZ diabetes | K31: Genetic / metabolic | L31: Intravitreal | M31: single intravitreal injection (2 uL) after diabetes induction | N31: 1 | O31: =IF(N31="","Not reported",IF(N31<=1,"Single dose",IF(N31<=7,"2–7 days",IF(N31<=28,"8–28 days",IF(N31<=90,"1–3 months","> 3 months"))))) -> Single dose | Q31: No RGC readout | R31: yes | S31: yes | T31: =IF(AND(R31="yes",S31="yes"),"yes","no") -> yes
A32: 31 | B32: IC-100 | C32: IC-100 | D32: NLRP3 / ASC | E32: =INDEX('Drug classes'!$B$2:$B$20,MATCH(D32,'Drug classes'!$A$2:$A$20,0)) -> P2X7 / NLRP3 | F32: 2 | G32: 94 | H32: Mouse | I32: Oxygen-induced retinopathy | J32: Oxygen-induced retinopathy | K32: Acute injury | L32: Intravitreal | M32: single injection at P12 | N32: 1 | O32: =IF(N32="","Not reported",IF(N32<=1,"Single dose",IF(N32<=7,"2–7 days",IF(N32<=28,"8–28 days",IF(N32<=90,"1–3 months","> 3 months"))))) -> Single dose | P32: 18 | Q32: No RGC readout | R32: yes | S32: yes | T32: =IF(AND(R32="yes",S32="yes"),"yes","no") -> yes
A33: 32 | B33: IC-100 | C33: IC-100 | D33: NLRP3 / ASC | E33: =INDEX('Drug classes'!$B$2:$B$20,MATCH(D33,'Drug classes'!$A$2:$A$20,0)) -> P2X7 / NLRP3 | F33: 2 | G33: 94 | H33: Mouse | I33: Oxygen-induced retinopathy | J33: Oxygen-induced retinopathy | K33: Acute injury | L33: Systemic | M33: i.p. P12/P14/P16 | N33: 5 | O33: =IF(N33="","Not reported",IF(N33<=1,"Single dose",IF(N33<=7,"2–7 days",IF(N33<=28,"8–28 days",IF(N33<=90,"1–3 months","> 3 months"))))) -> 2–7 days | P33: 18 | Q33: No RGC readout | R33: yes | S33: yes | T33: =IF(AND(R33="yes",S33="yes"),"yes","no") -> yes
A34: 33 | B34: TAK-242 | C34: TAK-242 | D34: TLR4 | E34: =INDEX('Drug classes'!$B$2:$B$20,MATCH(D34,'Drug classes'!$A$2:$A$20,0)) -> TLR4 / IL-1R / NF-κB | F34: 2 | G34: 95 | H34: Mouse | I34: Optic nerve crush | J34: Optic nerve crush | K34: Acute injury | L34: Intravitreal | M34: single injection | N34: 1 | O34: =IF(N34="","Not reported",IF(N34<=1,"Single dose",IF(N34<=7,"2–7 days",IF(N34<=28,"8–28 days",IF(N34<=90,"1–3 months","> 3 months"))))) -> Single dose | P34: 10 | Q34: Protective | R34: yes | S34: yes | T34: =IF(AND(R34="yes",S34="yes"),"yes","no") -> yes
A35: 34 | B35: C34 | C35: C34 | D35: TLR4 | E35: =INDEX('Drug classes'!$B$2:$B$20,MATCH(D35,'Drug classes'!$A$2:$A$20,0)) -> TLR4 / IL-1R / NF-κB | F35: 2 | G35: 95 | H35: Mouse | I35: Optic nerve crush | J35: Optic nerve crush | K35: Acute injury | L35: Intravitreal | M35: single injection | N35: 1 | O35: =IF(N35="","Not reported",IF(N35<=1,"Single dose",IF(N35<=7,"2–7 days",IF(N35<=28,"8–28 days",IF(N35<=90,"1–3 months","> 3 months"))))) -> Single dose | Q35: No RGC readout | R35: yes | S35: yes | T35: =IF(AND(R35="yes",S35="yes"),"yes","no") -> yes
A36: 35 | B36: TAK-242 | C36: TAK-242 | D36: TLR4 | E36: =INDEX('Drug classes'!$B$2:$B$20,MATCH(D36,'Drug classes'!$A$2:$A$20,0)) -> TLR4 / IL-1R / NF-κB | F36: 2 | G36: 96 | H36: Rat | I36: Hydrogel-induced OHT | J36: Hydrogel-induced OHT | K36: Induced OHT | L36: Intravitreal | M36: weekly from day -3 | N36: 31 | O36: =IF(N36="","Not reported",IF(N36<=1,"Single dose",IF(N36<=7,"2–7 days",IF(N36<=28,"8–28 days",IF(N36<=90,"1–3 months","> 3 months"))))) -> 1–3 months | P36: 28 | Q36: Protective | R36: yes | S36: yes | T36: =IF(AND(R36="yes",S36="yes"),"yes","no") -> yes
A37: 36 | B37: JNJ47965567 | C37: JNJ47965567 | D37: P2X7 | E37: =INDEX('Drug classes'!$B$2:$B$20,MATCH(D37,'Drug classes'!$A$2:$A$20,0)) -> P2X7 / NLRP3 | F37: 2 | G37: 97 | H37: Mouse | I37: DBA/2J | J37: DBA/2J | K37: Genetic / metabolic | L37: Topical | M37: chronic eye drops | N37: 154 | O37: =IF(N37="","Not reported",IF(N37<=1,"Single dose",IF(N37<=7,"2–7 days",IF(N37<=28,"8–28 days",IF(N37<=90,"1–3 months","> 3 months"))))) -> > 3 months | Q37: Protective | R37: yes | S37: yes | T37: =IF(AND(R37="yes",S37="yes"),"yes","no") -> yes
A38: 37 | B38: A740003 | C38: A740003 | D38: P2X7 | E38: =INDEX('Drug classes'!$B$2:$B$20,MATCH(D38,'Drug classes'!$A$2:$A$20,0)) -> P2X7 / NLRP3 | F38: 2 | G38: 98 | H38: Mouse | I38: Chronic OHT (method n.s.) | J38: Chronic OHT (method n.s.) | K38: Induced OHT | L38: Intravitreal | M38: pre-injection | O38: =IF(N38="","Not reported",IF(N38<=1,"Single dose",IF(N38<=7,"2–7 days",IF(N38<=28,"8–28 days",IF(N38<=90,"1–3 months","> 3 months"))))) -> Not reported | Q38: Partial | R38: yes | S38: yes | T38: =IF(AND(R38="yes",S38="yes"),"yes","no") -> yes
A39: 38 | B39: Ripa-56 | C39: Ripa-56 | D39: RIPK1/3 | E39: =INDEX('Drug classes'!$B$2:$B$20,MATCH(D39,'Drug classes'!$A$2:$A$20,0)) -> TNF / RIPK / MAPK | F39: 2 | G39: 100 | H39: Mouse | I39: NMDA intravitreal | J39: NMDA excitotoxicity | K39: Acute injury | L39: Intravitreal | M39: co-injected with NMDA | N39: 1 | O39: =IF(N39="","Not reported",IF(N39<=1,"Single dose",IF(N39<=7,"2–7 days",IF(N39<=28,"8–28 days",IF(N39<=90,"1–3 months","> 3 months"))))) -> Single dose | P39: 3 | Q39: Partial | R39: yes | S39: yes | T39: =IF(AND(R39="yes",S39="yes"),"yes","no") -> yes
A40: 39 | B40: Necrostatin-1 | C40: Necrostatin-1 | D40: RIPK1/3 | E40: =INDEX('Drug classes'!$B$2:$B$20,MATCH(D40,'Drug classes'!$A$2:$A$20,0)) -> TNF / RIPK / MAPK | F40: 2 | G40: 101 | H40: Mouse | I40: NMDA intravitreal | J40: NMDA excitotoxicity | K40: Acute injury | L40: Intravitreal | M40: co-injected with NMDA | N40: 1 | O40: =IF(N40="","Not reported",IF(N40<=1,"Single dose",IF(N40<=7,"2–7 days",IF(N40<=28,"8–28 days",IF(N40<=90,"1–3 months","> 3 months"))))) -> Single dose | P40: 5 | Q40: Protective | R40: yes | S40: yes | T40: =IF(AND(R40="yes",S40="yes"),"yes","no") -> yes
A41: 40 | B41: GSK872 | C41: GSK872 | D41: RIPK1/3 | E41: =INDEX('Drug classes'!$B$2:$B$20,MATCH(D41,'Drug classes'!$A$2:$A$20,0)) -> TNF / RIPK / MAPK | F41: 2 | G41: 101 | H41: Mouse | I41: NMDA intravitreal | J41: NMDA excitotoxicity | K41: Acute injury | L41: Intravitreal | M41: co-injected with NMDA | N41: 1 | O41: =IF(N41="","Not reported",IF(N41<=1,"Single dose",IF(N41<=7,"2–7 days",IF(N41<=28,"8–28 days",IF(N41<=90,"1–3 months","> 3 months"))))) -> Single dose | P41: 5 | Q41: Protective | R41: yes | S41: yes | T41: =IF(AND(R41="yes",S41="yes"),"yes","no") -> yes
A42: 41 | B42: RIC | C42: RIC | D42: RIPK1/3 | E42: =INDEX('Drug classes'!$B$2:$B$20,MATCH(D42,'Drug classes'!$A$2:$A$20,0)) -> TNF / RIPK / MAPK | F42: 2 | G42: 102 | H42: Rat | I42: Acute high IOP ischemia | J42: Retinal ischemia / acute IOP elevation | K42: Acute injury | L42: Systemic | M42: single i.p. dose (5 ml/kg) immediately after ischemia | N42: 1 | O42: =IF(N42="","Not reported",IF(N42<=1,"Single dose",IF(N42<=7,"2–7 days",IF(N42<=28,"8–28 days",IF(N42<=90,"1–3 months","> 3 months"))))) -> Single dose | Q42: Protective | R42: yes | S42: yes | T42: =IF(AND(R42="yes",S42="yes"),"yes","no") -> yes
A43: 42 | B43: GFAP antibody | C43: GFAP antibody | D43: Glial inhibition | E43: =INDEX('Drug classes'!$B$2:$B$20,MATCH(D43,'Drug classes'!$A$2:$A$20,0)) -> Broad anti-inflammatory | F43: 3 | G43: 109 | H43: Rat | I43: Episcleral vein occlusion OHT | J43: Episcleral vein OHT | K43: Induced OHT | L43: Intravitreal | M43: single injection at week 3 | N43: 1 | O43: =IF(N43="","Not reported",IF(N43<=1,"Single dose",IF(N43<=7,"2–7 days",IF(N43<=28,"8–28 days",IF(N43<=90,"1–3 months","> 3 months"))))) -> Single dose | P43: 70 | Q43: Protective | R43: yes | S43: yes | T43: =IF(AND(R43="yes",S43="yes"),"yes","no") -> yes
A44: 43 | B44: Minocycline | C44: Minocycline | D44: Glial inhibition | E44: =INDEX('Drug classes'!$B$2:$B$20,MATCH(D44,'Drug classes'!$A$2:$A$20,0)) -> Broad anti-inflammatory | F44: 3 | G44: 110 | H44: Rat | I44: Optic nerve axotomy | J44: Optic nerve axotomy / transection | K44: Acute injury | L44: Systemic | M44: i.p. 45 mg/kg/d x3 days before axotomy, then 22.5 mg/kg/d for 6-13 days after | N44: 17 | O44: =IF(N44="","Not reported",IF(N44<=1,"Single dose",IF(N44<=7,"2–7 days",IF(N44<=28,"8–28 days",IF(N44<=90,"1–3 months","> 3 months"))))) -> 8–28 days | P44: 7 | Q44: Partial | R44: yes | S44: yes | T44: =IF(AND(R44="yes",S44="yes"),"yes","no") -> yes
A45: 44 | B45: Minocycline | C45: Minocycline | D45: Glial inhibition | E45: =INDEX('Drug classes'!$B$2:$B$20,MATCH(D45,'Drug classes'!$A$2:$A$20,0)) -> Broad anti-inflammatory | F45: 3 | G45: 111 | H45: Mouse | I45: NMDA intravitreal | J45: NMDA excitotoxicity | K45: Acute injury | L45: Systemic | M45: single i.p. 90 mg/kg 60 min before NMDA | N45: 1 | O45: =IF(N45="","Not reported",IF(N45<=1,"Single dose",IF(N45<=7,"2–7 days",IF(N45<=28,"8–28 days",IF(N45<=90,"1–3 months","> 3 months"))))) -> Single dose | Q45: Protective | R45: yes | S45: yes | T45: =IF(AND(R45="yes",S45="yes"),"yes","no") -> yes
A46: 45 | B46: Minocycline | C46: Minocycline | D46: Glial inhibition | E46: =INDEX('Drug classes'!$B$2:$B$20,MATCH(D46,'Drug classes'!$A$2:$A$20,0)) -> Broad anti-inflammatory | F46: 3 | G46: 112 | H46: Mouse | I46: DBA/2J | J46: DBA/2J | K46: Genetic / metabolic | L46: Systemic | M46: systemic for 25 weeks | N46: 175 | O46: =IF(N46="","Not reported",IF(N46<=1,"Single dose",IF(N46<=7,"2–7 days",IF(N46<=28,"8–28 days",IF(N46<=90,"1–3 months","> 3 months"))))) -> > 3 months | Q46: Protective | R46: yes | S46: yes | T46: =IF(AND(R46="yes",S46="yes"),"yes","no") -> yes
A47: 46 | B47: Minocycline | C47: Minocycline | D47: Glial inhibition | E47: =INDEX('Drug classes'!$B$2:$B$20,MATCH(D47,'Drug classes'!$A$2:$A$20,0)) -> Broad anti-inflammatory | F47: 3 | G47: 114 | H47: Rat | I47: Optic nerve transection | J47: Optic nerve axotomy / transection | K47: Acute injury | L47: Systemic | M47: i.p. daily from day -3 | N47: 7 | O47: =IF(N47="","Not reported",IF(N47<=1,"Single dose",IF(N47<=7,"2–7 days",IF(N47<=28,"8–28 days",IF(N47<=90,"1–3 months","> 3 months"))))) -> 2–7 days | P47: 3 | Q47: No RGC readout | R47: yes | S47: yes | T47: =IF(AND(R47="yes",S47="yes"),"yes","no") -> yes
A48: 47 | B48: Minocycline | C48: Minocycline | D48: Glial inhibition | E48: =INDEX('Drug classes'!$B$2:$B$20,MATCH(D48,'Drug classes'!$A$2:$A$20,0)) -> Broad anti-inflammatory | F48: 3 | G48: 115 | H48: Rat | I48: S100B intravitreal | J48: S100B intravitreal | K48: Acute injury | L48: Systemic | M48: i.p. daily day -1 to 14 | N48: 16 | O48: =IF(N48="","Not reported",IF(N48<=1,"Single dose",IF(N48<=7,"2–7 days",IF(N48<=28,"8–28 days",IF(N48<=90,"1–3 months","> 3 months"))))) -> 8–28 days | P48: 14 | Q48: Partial | R48: yes | S48: yes | T48: =IF(AND(R48="yes",S48="yes"),"yes","no") -> yes
A49: 48 | B49: Minocycline | C49: Minocycline | D49: Glial inhibition | E49: =INDEX('Drug classes'!$B$2:$B$20,MATCH(D49,'Drug classes'!$A$2:$A$20,0)) -> Broad anti-inflammatory | F49: 3 | G49: 116 | H49: Mouse | I49: Laser-induced OHT | J49: Laser-induced OHT | K49: Induced OHT | L49: Systemic | M49: i.p. daily from day -1 | N49: 16 | O49: =IF(N49="","Not reported",IF(N49<=1,"Single dose",IF(N49<=7,"2–7 days",IF(N49<=28,"8–28 days",IF(N49<=90,"1–3 months","> 3 months"))))) -> 8–28 days | P49: 15 | Q49: No protection | R49: yes | S49: yes | T49: =IF(AND(R49="yes",S49="yes"),"yes","no") -> yes
A50: 49 | B50: K-115 | C50: K-115 | D50: Rho kinase | E50: =INDEX('Drug classes'!$B$2:$B$20,MATCH(D50,'Drug classes'!$A$2:$A$20,0)) -> Broad anti-inflammatory | F50: 3 | G50: 118 | H50: Mouse | I50: Optic nerve crush | J50: Optic nerve crush | K50: Acute injury | L50: Topical | M50: 9 doses day -3 to 14 | N50: 18 | O50: =IF(N50="","Not reported",IF(N50<=1,"Single dose",IF(N50<=7,"2–7 days",IF(N50<=28,"8–28 days",IF(N50<=90,"1–3 months","> 3 months"))))) -> 8–28 days | P50: 14 | Q50: Partial | R50: yes | S50: yes | T50: =IF(AND(R50="yes",S50="yes"),"yes","no") -> yes
A51: 50 | B51: K-115 | C51: K-115 | D51: Rho kinase | E51: =INDEX('Drug classes'!$B$2:$B$20,MATCH(D51,'Drug classes'!$A$2:$A$20,0)) -> Broad anti-inflammatory | F51: 3 | G51: 118 | H51: Mouse | I51: Microbead OHT | J51: Microbead OHT | K51: Induced OHT | L51: Topical | M51: 9 doses day -3 to 14 | N51: 18 | O51: =IF(N51="","Not reported",IF(N51<=1,"Single dose",IF(N51<=7,"2–7 days",IF(N51<=28,"8–28 days",IF(N51<=90,"1–3 months","> 3 months"))))) -> 8–28 days | P51: 42 | Q51: Protective | R51: yes | S51: yes | T51: =IF(AND(R51="yes",S51="yes"),"yes","no") -> yes
A52: 51 | B52: K-115 | C52: K-115 | D52: Rho kinase | E52: =INDEX('Drug classes'!$B$2:$B$20,MATCH(D52,'Drug classes'!$A$2:$A$20,0)) -> Broad anti-inflammatory | F52: 3 | G52: 119 | H52: Mouse | I52: Optic nerve crush | J52: Optic nerve crush | K52: Acute injury | L52: Systemic | M52: oral 1 mg/kg 15 min before crush, then once daily for 7 days from the day after | N52: 8 | O52: =IF(N52="","Not reported",IF(N52<=1,"Single dose",IF(N52<=7,"2–7 days",IF(N52<=28,"8–28 days",IF(N52<=90,"1–3 months","> 3 months"))))) -> 8–28 days | Q52: Protective | R52: yes | S52: yes | T52: =IF(AND(R52="yes",S52="yes"),"yes","no") -> yes
A53: 52 | B53: Y-39983 | C53: Y-39983 | D53: Rho kinase | E53: =INDEX('Drug classes'!$B$2:$B$20,MATCH(D53,'Drug classes'!$A$2:$A$20,0)) -> Broad anti-inflammatory | F53: 3 | G53: 120 | H53: Rat | I53: Axotomy + peripheral nerve graft | J53: Optic nerve axotomy / transection | K53: Acute injury | L53: Intravitreal | M53: single intravitreal injection (10 or 100 uM final) + Y-39983-soaked gelatin sponge at optic nerve stump, at surgery | N53: 1 | O53: =IF(N53="","Not reported",IF(N53<=1,"Single dose",IF(N53<=7,"2–7 days",IF(N53<=28,"8–28 days",IF(N53<=90,"1–3 months","> 3 months"))))) -> Single dose | P53: 45 | Q53: No RGC readout | R53: yes | S53: yes | T53: =IF(AND(R53="yes",S53="yes"),"yes","no") -> yes
A54: 53 | B54: Ibudilast | C54: Ibudilast | D54: PDE | E54: =INDEX('Drug classes'!$B$2:$B$20,MATCH(D54,'Drug classes'!$A$2:$A$20,0)) -> Broad anti-inflammatory | F54: 3 | G54: 122 | H54: Rat | I54: Hypertonic saline episcleral vein OHT | J54: Hypertonic saline OHT | K54: Induced OHT | L54: Intravitreal | M54: intravitreal 5 uL 500 uM at 1 and 2 weeks after OHT induction | N54: 8 | O54: =IF(N54="","Not reported",IF(N54<=1,"Single dose",IF(N54<=7,"2–7 days",IF(N54<=28,"8–28 days",IF(N54<=90,"1–3 months","> 3 months"))))) -> 8–28 days | P54: 21 | Q54: Protective | R54: yes | S54: yes | T54: =IF(AND(R54="yes",S54="yes"),"yes","no") -> yes
A55: 54 | B55: Tadalafil | C55: Tadalafil | D55: PDE | E55: =INDEX('Drug classes'!$B$2:$B$20,MATCH(D55,'Drug classes'!$A$2:$A$20,0)) -> Broad anti-inflammatory | F55: 3 | G55: 123 | H55: Mouse | I55: GC-1−/− | J55: GC-1−/− | K55: Genetic / metabolic | L55: Systemic | M55: oral chow 10 months | N55: 304 | O55: =IF(N55="","Not reported",IF(N55<=1,"Single dose",IF(N55<=7,"2–7 days",IF(N55<=28,"8–28 days",IF(N55<=90,"1–3 months","> 3 months"))))) -> > 3 months | Q55: Protective | R55: yes | S55: yes | T55: =IF(AND(R55="yes",S55="yes"),"yes","no") -> yes
A56: 55 | B56: Tadalafil | C56: Tadalafil | D56: PDE | E56: =INDEX('Drug classes'!$B$2:$B$20,MATCH(D56,'Drug classes'!$A$2:$A$20,0)) -> Broad anti-inflammatory | F56: 3 | G56: 123 | H56: Mouse | I56: Microbead OHT | J56: Microbead OHT | K56: Induced OHT | L56: Systemic | M56: oral chow day -3 to 28 | N56: 31 | O56: =IF(N56="","Not reported",IF(N56<=1,"Single dose",IF(N56<=7,"2–7 days",IF(N56<=28,"8–28 days",IF(N56<=90,"1–3 months","> 3 months"))))) -> 1–3 months | P56: 28 | Q56: Protective | R56: yes | S56: yes | T56: =IF(AND(R56="yes",S56="yes"),"yes","no") -> yes
A57: 56 | B57: Ginkgo biloba (EGb 761) | C57: Ginkgo biloba | D57: Antioxidant | E57: =INDEX('Drug classes'!$B$2:$B$20,MATCH(D57,'Drug classes'!$A$2:$A$20,0)) -> Broad anti-inflammatory | F57: 3 | G57: 124 | H57: Rat | I57: Episcleral vein cauterization OHT | J57: Episcleral vein OHT | K57: Induced OHT | L57: Systemic | M57: drinking water 100 mg/kg/day from cauterization for 5 months | N57: 150 | O57: =IF(N57="","Not reported",IF(N57<=1,"Single dose",IF(N57<=7,"2–7 days",IF(N57<=28,"8–28 days",IF(N57<=90,"1–3 months","> 3 months"))))) -> > 3 months | P57: 150 | Q57: Protective | R57: yes | S57: yes | T57: =IF(AND(R57="yes",S57="yes"),"yes","no") -> yes
A58: 57 | B58: Ginkgo biloba | C58: Ginkgo biloba | D58: Antioxidant | E58: =INDEX('Drug classes'!$B$2:$B$20,MATCH(D58,'Drug classes'!$A$2:$A$20,0)) -> Broad anti-inflammatory | F58: 3 | G58: 125 | H58: Rat | I58: Optic nerve crush | J58: Optic nerve crush | K58: Acute injury | L58: Systemic | M58: intragastric daily from 2 h after crush until 4 weeks | N58: 28 | O58: =IF(N58="","Not reported",IF(N58<=1,"Single dose",IF(N58<=7,"2–7 days",IF(N58<=28,"8–28 days",IF(N58<=90,"1–3 months","> 3 months"))))) -> 8–28 days | P58: 28 | Q58: Protective | R58: yes | S58: yes | T58: =IF(AND(R58="yes",S58="yes"),"yes","no") -> yes
A59: 58 | B59: Ginkgo biloba | C59: Ginkgo biloba | D59: Antioxidant | E59: =INDEX('Drug classes'!$B$2:$B$20,MATCH(D59,'Drug classes'!$A$2:$A$20,0)) -> Broad anti-inflammatory | F59: 3 | G59: 126 | H59: Rat | I59: Optic nerve crush | J59: Optic nerve crush | K59: Acute injury | L59: Systemic | M59: i.p. daily | N59: 28 | O59: =IF(N59="","Not reported",IF(N59<=1,"Single dose",IF(N59<=7,"2–7 days",IF(N59<=28,"8–28 days",IF(N59<=90,"1–3 months","> 3 months"))))) -> 8–28 days | P59: 28 | Q59: Protective | R59: yes | S59: yes | T59: =IF(AND(R59="yes",S59="yes"),"yes","no") -> yes
A60: 59 | B60: Ginkgo biloba (ginkgolides; DGMI) | C60: Ginkgo biloba | D60: Antioxidant | E60: =INDEX('Drug classes'!$B$2:$B$20,MATCH(D60,'Drug classes'!$A$2:$A$20,0)) -> Broad anti-inflammatory | F60: 3 | G60: 127 | H60: Rat | I60: Optic nerve crush | J60: Optic nerve crush | K60: Acute injury | L60: Periocular | M60: retrobulbar injection, 0.078 / 0.3125 / 1.25 mg/kg (male SD rats; schedule not in excerpt) | N60: 1 | O60: =IF(N60="","Not reported",IF(N60<=1,"Single dose",IF(N60<=7,"2–7 days",IF(N60<=28,"8–28 days",IF(N60<=90,"1–3 months","> 3 months"))))) -> Single dose | Q60: Protective | R60: yes | S60: yes | T60: =IF(AND(R60="yes",S60="yes"),"yes","no") -> yes
A61: 60 | B61: Tempol | C61: Tempol | D61: Antioxidant | E61: =INDEX('Drug classes'!$B$2:$B$20,MATCH(D61,'Drug classes'!$A$2:$A$20,0)) -> Broad anti-inflammatory | F61: 3 | G61: 129 | H61: Mouse | I61: Microbead OHT | J61: Microbead OHT | K61: Induced OHT | L61: Systemic | M61: osmotic mini-pump | N61: 42 | O61: =IF(N61="","Not reported",IF(N61<=1,"Single dose",IF(N61<=7,"2–7 days",IF(N61<=28,"8–28 days",IF(N61<=90,"1–3 months","> 3 months"))))) -> 1–3 months | P61: 42 | Q61: Not determined | R61: yes | S61: yes | T61: =IF(AND(R61="yes",S61="yes"),"yes","no") -> yes
A62: 61 | B62: Tempol | C62: Tempol | D62: Antioxidant | E62: =INDEX('Drug classes'!$B$2:$B$20,MATCH(D62,'Drug classes'!$A$2:$A$20,0)) -> Broad anti-inflammatory | F62: 3 | G62: 130 | H62: Rat | I62: Partial optic nerve crush | J62: Optic nerve crush | K62: Acute injury | L62: Systemic | M62: i.p. daily x 7 | N62: 7 | O62: =IF(N62="","Not reported",IF(N62<=1,"Single dose",IF(N62<=7,"2–7 days",IF(N62<=28,"8–28 days",IF(N62<=90,"1–3 months","> 3 months"))))) -> 2–7 days | Q62: No protection | R62: yes | S62: yes | T62: =IF(AND(R62="yes",S62="yes"),"yes","no") -> yes
A63: 62 | B63: Baicalein | C63: Baicalein | D63: Antioxidant | E63: =INDEX('Drug classes'!$B$2:$B$20,MATCH(D63,'Drug classes'!$A$2:$A$20,0)) -> Broad anti-inflammatory | F63: 3 | G63: 133 | H63: Mouse | I63: Retinal ischemia/reperfusion (high IOP) | J63: Retinal ischemia / acute IOP elevation | K63: Acute injury | L63: Intravitreal | M63: weekly from day 0 | N63: 22 | O63: =IF(N63="","Not reported",IF(N63<=1,"Single dose",IF(N63<=7,"2–7 days",IF(N63<=28,"8–28 days",IF(N63<=90,"1–3 months","> 3 months"))))) -> 8–28 days | P63: 28 | Q63: Protective | R63: yes | S63: yes | T63: =IF(AND(R63="yes",S63="yes"),"yes","no") -> yes
A64: 63 | B64: 7,8-Dihydroxyflavone | C64: 7,8-Dihydroxyflavone | D64: Antioxidant | E64: =INDEX('Drug classes'!$B$2:$B$20,MATCH(D64,'Drug classes'!$A$2:$A$20,0)) -> Broad anti-inflammatory | F64: 3 | G64: 134 | H64: Rat | I64: Optic nerve transection | J64: Optic nerve axotomy / transection | K64: Acute injury | L64: Systemic | M64: i.p. daily | N64: 22 | O64: =IF(N64="","Not reported",IF(N64<=1,"Single dose",IF(N64<=7,"2–7 days",IF(N64<=28,"8–28 days",IF(N64<=90,"1–3 months","> 3 months"))))) -> 8–28 days | P64: 21 | Q64: Protective | R64: yes | S64: yes | T64: =IF(AND(R64="yes",S64="yes"),"yes","no") -> yes
A65: 64 | B65: Naringenin | C65: Naringenin | D65: Antioxidant | E65: =INDEX('Drug classes'!$B$2:$B$20,MATCH(D65,'Drug classes'!$A$2:$A$20,0)) -> Broad anti-inflammatory | F65: 3 | G65: 135 | H65: Mouse | I65: Optic nerve crush | J65: Optic nerve crush | K65: Acute injury | L65: Intravitreal | M65: single injection | N65: 1 | O65: =IF(N65="","Not reported",IF(N65<=1,"Single dose",IF(N65<=7,"2–7 days",IF(N65<=28,"8–28 days",IF(N65<=90,"1–3 months","> 3 months"))))) -> Single dose | P65: 14 | Q65: Protective | R65: yes | S65: yes | T65: =IF(AND(R65="yes",S65="yes"),"yes","no") -> yes
A66: 65 | B66: α-Lipoic acid | C66: α-Lipoic acid | D66: Antioxidant | E66: =INDEX('Drug classes'!$B$2:$B$20,MATCH(D66,'Drug classes'!$A$2:$A$20,0)) -> Broad anti-inflammatory | F66: 3 | G66: 136 | H66: Rat | I66: Optic nerve crush | J66: Optic nerve crush | K66: Acute injury | L66: Systemic | M66: single i.v. bolus | N66: 1 | O66: =IF(N66="","Not reported",IF(N66<=1,"Single dose",IF(N66<=7,"2–7 days",IF(N66<=28,"8–28 days",IF(N66<=90,"1–3 months","> 3 months"))))) -> Single dose | P66: 10 | Q66: Partial | R66: yes | S66: yes | T66: =IF(AND(R66="yes",S66="yes"),"yes","no") -> yes
A67: 66 | B67: α-Lipoic acid | C67: α-Lipoic acid | D67: Antioxidant | E67: =INDEX('Drug classes'!$B$2:$B$20,MATCH(D67,'Drug classes'!$A$2:$A$20,0)) -> Broad anti-inflammatory | F67: 3 | G67: 137 | H67: Mouse | I67: DBA/2J | J67: DBA/2J | K67: Genetic / metabolic | L67: Systemic | M67: diet 6-10 months (prevention arm: 11 months) | N67: 122 | O67: =IF(N67="","Not reported",IF(N67<=1,"Single dose",IF(N67<=7,"2–7 days",IF(N67<=28,"8–28 days",IF(N67<=90,"1–3 months","> 3 months"))))) -> > 3 months | Q67: Protective | R67: yes | S67: yes | T67: =IF(AND(R67="yes",S67="yes"),"yes","no") -> yes
A68: 67 | B68: Celastrol | C68: Celastrol | D68: Antioxidant | E68: =INDEX('Drug classes'!$B$2:$B$20,MATCH(D68,'Drug classes'!$A$2:$A$20,0)) -> Broad anti-inflammatory | F68: 3 | G68: 131 | H68: Rat | I68: Optic nerve crush | J68: Optic nerve crush | K68: Acute injury | L68: Systemic | M68: i.p. daily x 14 | N68: 14 | O68: =IF(N68="","Not reported",IF(N68<=1,"Single dose",IF(N68<=7,"2–7 days",IF(N68<=28,"8–28 days",IF(N68<=90,"1–3 months","> 3 months"))))) -> 8–28 days | P68: 14 | Q68: Protective | R68: yes | S68: yes | T68: =IF(AND(R68="yes",S68="yes"),"yes","no") -> yes
A69: 68 | B69: Celastrol | C69: Celastrol | D69: Antioxidant | E69: =INDEX('Drug classes'!$B$2:$B$20,MATCH(D69,'Drug classes'!$A$2:$A$20,0)) -> Broad anti-inflammatory | F69: 3 | G69: 131 | H69: Rat | I69: Optic nerve crush | J69: Optic nerve crush | K69: Acute injury | L69: Intravitreal | M69: single injection | N69: 1 | O69: =IF(N69="","Not reported",IF(N69<=1,"Single dose",IF(N69<=7,"2–7 days",IF(N69<=28,"8–28 days",IF(N69<=90,"1–3 months","> 3 months"))))) -> Single dose | P69: 14 | Q69: Partial | R69: yes | S69: yes | T69: =IF(AND(R69="yes",S69="yes"),"yes","no") -> yes
A70: 69 | B70: Celastrol | C70: Celastrol | D70: Antioxidant | E70: =INDEX('Drug classes'!$B$2:$B$20,MATCH(D70,'Drug classes'!$A$2:$A$20,0)) -> Broad anti-inflammatory | F70: 3 | G70: 132 | H70: Rat | I70: Laser-induced OHT | J70: Laser-induced OHT | K70: Induced OHT | L70: Systemic | M70: i.p. 3x/week x 5 weeks | N70: 35 | O70: =IF(N70="","Not reported",IF(N70<=1,"Single dose",IF(N70<=7,"2–7 days",IF(N70<=28,"8–28 days",IF(N70<=90,"1–3 months","> 3 months"))))) -> 1–3 months | P70: 35 | Q70: Protective | R70: yes | S70: yes | T70: =IF(AND(R70="yes",S70="yes"),"yes","no") -> yes
A71: 70 | B71: Cyclosporine A | C71: Cyclosporine A | D71: Calcineurin | E71: =INDEX('Drug classes'!$B$2:$B$20,MATCH(D71,'Drug classes'!$A$2:$A$20,0)) -> Broad anti-inflammatory | F71: 3 | G71: 138 | H71: Mouse | I71: Retinal ischemia/reperfusion (high IOP) | J71: Retinal ischemia / acute IOP elevation | K71: Acute injury | L71: Systemic | M71: i.p. 5 mg/kg/day from 24 h before ischemia, daily x 2 weeks | N71: 15 | O71: =IF(N71="","Not reported",IF(N71<=1,"Single dose",IF(N71<=7,"2–7 days",IF(N71<=28,"8–28 days",IF(N71<=90,"1–3 months","> 3 months"))))) -> 8–28 days | P71: 14 | Q71: Protective | R71: yes | S71: yes | T71: =IF(AND(R71="yes",S71="yes"),"yes","no") -> yes
A72: 71 | B72: Cyclosporine A | C72: Cyclosporine A | D72: Calcineurin | E72: =INDEX('Drug classes'!$B$2:$B$20,MATCH(D72,'Drug classes'!$A$2:$A$20,0)) -> Broad anti-inflammatory | F72: 3 | G72: 140 | H72: Rat | I72: Optic nerve transection + PN graft | J72: Optic nerve axotomy / transection | K72: Acute injury | L72: Systemic | M72: i.p. CsA 20 mg/kg every second day for 3 weeks | N72: 21 | O72: =IF(N72="","Not reported",IF(N72<=1,"Single dose",IF(N72<=7,"2–7 days",IF(N72<=28,"8–28 days",IF(N72<=90,"1–3 months","> 3 months"))))) -> 8–28 days | P72: 21 | Q72: Partial | R72: yes | S72: yes | T72: =IF(AND(R72="yes",S72="yes"),"yes","no") -> yes
A73: 72 | B73: FK506 | C73: FK506 | D73: Calcineurin | E73: =INDEX('Drug classes'!$B$2:$B$20,MATCH(D73,'Drug classes'!$A$2:$A$20,0)) -> Broad anti-inflammatory | F73: 3 | G73: 140 | H73: Rat | I73: Optic nerve transection + PN graft | J73: Optic nerve axotomy / transection | K73: Acute injury | L73: Systemic | M73: i.p. FK506 10 mg/kg every second day for 3 weeks | N73: 21 | O73: =IF(N73="","Not reported",IF(N73<=1,"Single dose",IF(N73<=7,"2–7 days",IF(N73<=28,"8–28 days",IF(N73<=90,"1–3 months","> 3 months"))))) -> 8–28 days | P73: 21 | Q73: Partial | R73: yes | S73: yes | T73: =IF(AND(R73="yes",S73="yes"),"yes","no") -> yes
A74: 73 | B74: Ketorolac | C74: Ketorolac | D74: COX | E74: =INDEX('Drug classes'!$B$2:$B$20,MATCH(D74,'Drug classes'!$A$2:$A$20,0)) -> Broad anti-inflammatory | F74: 3 | G74: 141 | H74: Rat | I74: Optic nerve crush | J74: Optic nerve crush | K74: Acute injury | L74: Intravitreal | M74: single injection | N74: 1 | O74: =IF(N74="","Not reported",IF(N74<=1,"Single dose",IF(N74<=7,"2–7 days",IF(N74<=28,"8–28 days",IF(N74<=90,"1–3 months","> 3 months"))))) -> Single dose | P74: 7 | Q74: Protective | R74: yes | S74: yes | T74: =IF(AND(R74="yes",S74="yes"),"yes","no") -> yes
A75: 74 | B75: ZM241385 | C75: ZM241385 | D75: A2A receptor | E75: =INDEX('Drug classes'!$B$2:$B$20,MATCH(D75,'Drug classes'!$A$2:$A$20,0)) -> Broad anti-inflammatory | F75: 3 | G75: 143 | H75: Rat | I75: Episcleral vein ligation OHT | J75: Episcleral vein OHT | K75: Induced OHT | L75: Intravitreal | M75: intravitreal 1 uL 50 uM, 1 h after OHT surgery and again 1 week later | N75: 8 | O75: =IF(N75="","Not reported",IF(N75<=1,"Single dose",IF(N75<=7,"2–7 days",IF(N75<=28,"8–28 days",IF(N75<=90,"1–3 months","> 3 months"))))) -> 8–28 days | P75: 14 | Q75: Protective | R75: yes | S75: yes | T75: =IF(AND(R75="yes",S75="yes"),"yes","no") -> yes
A76: 75 | B76: Azithromycin | C76: Azithromycin | D76: Antibiotic | E76: =INDEX('Drug classes'!$B$2:$B$20,MATCH(D76,'Drug classes'!$A$2:$A$20,0)) -> Broad anti-inflammatory | F76: 3 | G76: 146 | H76: Rat | I76: Retinal ischemia/reperfusion (high IOP) | J76: Retinal ischemia / acute IOP elevation | K76: Acute injury | L76: Systemic | M76: single i.p. | N76: 1 | O76: =IF(N76="","Not reported",IF(N76<=1,"Single dose",IF(N76<=7,"2–7 days",IF(N76<=28,"8–28 days",IF(N76<=90,"1–3 months","> 3 months"))))) -> Single dose | P76: 7 | Q76: Protective | R76: yes | S76: yes | T76: =IF(AND(R76="yes",S76="yes"),"yes","no") -> yes
A77: 76 | B77: Azithromycin | C77: Azithromycin | D77: Antibiotic | E77: =INDEX('Drug classes'!$B$2:$B$20,MATCH(D77,'Drug classes'!$A$2:$A$20,0)) -> Broad anti-inflammatory | F77: 3 | G77: 147 | H77: Mouse | I77: Microbead OHT | J77: Microbead OHT | K77: Induced OHT | L77: Systemic | M77: single i.p. injection 1 mg after microbead injection | N77: 1 | O77: =IF(N77="","Not reported",IF(N77<=1,"Single dose",IF(N77<=7,"2–7 days",IF(N77<=28,"8–28 days",IF(N77<=90,"1–3 months","> 3 months"))))) -> Single dose | P77: 21 | Q77: Partial | R77: yes | S77: yes | T77: =IF(AND(R77="yes",S77="yes"),"yes","no") -> yes
A78: 77 | B78: Azithromycin | C78: Azithromycin | D78: Antibiotic | E78: =INDEX('Drug classes'!$B$2:$B$20,MATCH(D78,'Drug classes'!$A$2:$A$20,0)) -> Broad anti-inflammatory | F78: 3 | G78: 148 | H78: Mouse | I78: Optic nerve crush | J78: Optic nerve crush | K78: Acute injury | L78: Systemic | M78: single i.p. | N78: 1 | O78: =IF(N78="","Not reported",IF(N78<=1,"Single dose",IF(N78<=7,"2–7 days",IF(N78<=28,"8–28 days",IF(N78<=90,"1–3 months","> 3 months"))))) -> Single dose | P78: 21 | Q78: Protective | R78: yes | S78: yes | T78: =IF(AND(R78="yes",S78="yes"),"yes","no") -> yes
A79: 78 | B79: S3I-201 | C79: S3I-201 | D79: JAK/STAT3 | E79: =INDEX('Drug classes'!$B$2:$B$20,MATCH(D79,'Drug classes'!$A$2:$A$20,0)) -> IL-6 / JAK-STAT3 | F79: 2 | G79: 106 | H79: Rat | I79: Acute ocular hypertension (75 mmHg 1 h) | J79: Retinal ischemia / acute IOP elevation | K79: Acute injury | L79: Systemic | M79: i.p. 2 mg/kg before injury and day 2 | N79: 3 | O79: =IF(N79="","Not reported",IF(N79<=1,"Single dose",IF(N79<=7,"2–7 days",IF(N79<=28,"8–28 days",IF(N79<=90,"1–3 months","> 3 months"))))) -> 2–7 days | P79: 3 | Q79: Protective | R79: yes | S79: yes | T79: =IF(AND(R79="yes",S79="yes"),"yes","no") -> yes
A80: 79 | B80: Stattic | C80: Stattic | D80: JAK/STAT3 | E80: =INDEX('Drug classes'!$B$2:$B$20,MATCH(D80,'Drug classes'!$A$2:$A$20,0)) -> IL-6 / JAK-STAT3 | F80: 2 | G80: 107 | H80: Rat | I80: Hypertonic saline limbal vein OHT | J80: Hypertonic saline OHT | K80: Induced OHT | L80: Systemic | M80: i.p. 5 mg/kg daily x 7 days | N80: 7 | O80: =IF(N80="","Not reported",IF(N80<=1,"Single dose",IF(N80<=7,"2–7 days",IF(N80<=28,"8–28 days",IF(N80<=90,"1–3 months","> 3 months"))))) -> 2–7 days | P80: 7 | Q80: No RGC readout | R80: yes | S80: yes | T80: =IF(AND(R80="yes",S80="yes"),"yes","no") -> yes
A81: 80 | B81: SCH 58261 | C81: SCH 58261 | D81: A2A receptor | E81: =INDEX('Drug classes'!$B$2:$B$20,MATCH(D81,'Drug classes'!$A$2:$A$20,0)) -> Broad anti-inflammatory | F81: 3 | G81: 144 | H81: Rat | I81: Retinal ischemia/reperfusion (high IOP) | J81: Retinal ischemia / acute IOP elevation | K81: Acute injury | L81: Intravitreal | M81: single intravitreal injection 5 uL 100 nM, 2 h before ischemia | N81: 1 | O81: =IF(N81="","Not reported",IF(N81<=1,"Single dose",IF(N81<=7,"2–7 days",IF(N81<=28,"8–28 days",IF(N81<=90,"1–3 months","> 3 months"))))) -> Single dose | Q81: Protective | R81: yes | S81: yes | T81: =IF(AND(R81="yes",S81="yes"),"yes","no") -> yes
A82: 81 | B82: Caffeine | C82: Caffeine | D82: A2A receptor | E82: =INDEX('Drug classes'!$B$2:$B$20,MATCH(D82,'Drug classes'!$A$2:$A$20,0)) -> Broad anti-inflammatory | F82: 3 | G82: 145 | H82: Rat | I82: Retinal ischemia/reperfusion (high IOP) | J82: Retinal ischemia / acute IOP elevation | K82: Acute injury | L82: Systemic | M82: drinking water 1 g/L from 2 weeks before ischemia to endpoint | N82: 21 | O82: =IF(N82="","Not reported",IF(N82<=1,"Single dose",IF(N82<=7,"2–7 days",IF(N82<=28,"8–28 days",IF(N82<=90,"1–3 months","> 3 months"))))) -> 8–28 days | P82: 7 | Q82: No RGC readout | R82: yes | S82: yes | T82: =IF(AND(R82="yes",S82="yes"),"yes","no") -> yes
A83: 82 | B83: SP600125 | C83: SP600125 | D83: JNK | E83: =INDEX('Drug classes'!$B$2:$B$20,MATCH(D83,'Drug classes'!$A$2:$A$20,0)) -> TNF / RIPK / MAPK | F83: 2 | G83: 105 | H83: Mouse | I83: Retinal ischemia/reperfusion (high IOP) | J83: Retinal ischemia / acute IOP elevation | K83: Acute injury | L83: Systemic | M83: i.p. daily x 28 days from 2 h before injury | N83: 28 | O83: =IF(N83="","Not reported",IF(N83<=1,"Single dose",IF(N83<=7,"2–7 days",IF(N83<=28,"8–28 days",IF(N83<=90,"1–3 months","> 3 months"))))) -> 8–28 days | P83: 28 | Q83: Protective | R83: yes | S83: yes | T83: =IF(AND(R83="yes",S83="yes"),"yes","no") -> yes

Sheet Drug classes
A1: Drug class | B1: Pathway (Figure 2 branch) | C1: Manuscript table | D1: Table group
A2: TNF-α | B2: TNF / RIPK / MAPK | C2: 1 | D2: Cytokine antagonists
A3: IL-1β | B3: TLR4 / IL-1R / NF-κB | C3: 1 | D3: Cytokine antagonists
A4: IL-6 | B4: IL-6 / JAK-STAT3 | C4: 1 | D4: Cytokine antagonists
A5: RIPK1/3 | B5: TNF / RIPK / MAPK | C5: 2 | D5: Pathway inhibitors
A6: p38 MAPK | B6: TNF / RIPK / MAPK | C6: 2 | D6: Pathway inhibitors
A7: JNK | B7: TNF / RIPK / MAPK | C7: 2 | D7: Pathway inhibitors
A8: TLR4 | B8: TLR4 / IL-1R / NF-κB | C8: 2 | D8: Pathway inhibitors
A9: NF-κB | B9: TLR4 / IL-1R / NF-κB | C9: 2 | D9: Pathway inhibitors
A10: P2X7 | B10: P2X7 / NLRP3 | C10: 2 | D10: Pathway inhibitors
A11: NLRP3 / ASC | B11: P2X7 / NLRP3 | C11: 2 | D11: Pathway inhibitors
A12: JAK/STAT3 | B12: IL-6 / JAK-STAT3 | C12: 2 | D12: Pathway inhibitors
A13: Glial inhibition | B13: Broad anti-inflammatory | C13: 3 | D13: Broad agents
... A20: Antibiotic | B20: Broad anti-inflammatory | C20: 3 | D20: Broad agents

Sheet References
A1: Ref. | B1: Citation | C1: Authors | D1: Title | E1: Journal | F1: Year | G1: DOI | H1: Experiments in wheel | I1: Full reference (as in manuscript)
A2: 49 | B2: Cueva Vargas et al., 2015 | C2: Cueva Vargas JL, Osswald IK, Unsain N, Aurousseau MR, Barker PA, Bowie D, et al | D2: Soluble Tumor Necrosis Factor Alpha Promotes Retinal Ganglion Cell Death in Glaucoma via Calcium-Permeable AMPA Receptor Activation | E2: J Neurosci | F2: 2015 | G2: https://doi.org/10.1523/JNEUROSCI.1273-15.2015 | H2: =COUNTIFS(Experiments!$G$2:$G$83,A2,Experiments!$T$2:$T$83,"yes") -> 1 | I2: Cueva Vargas JL, Osswald IK, Unsain N, Aurousseau MR, Barker PA, Bowie D, et al. Soluble Tumor Necrosis Factor Alpha Promotes Retinal Ganglion Cell Death in Glaucoma via Calcium-Permeable AMPA Receptor Activation. J Neurosci. 2015;35:12088–102.
A3: 55 | B3: Roh et al., 2012 | C3: Roh M, Zhang Y, Murakami Y, Thanos A, Lee SC, Vavvas DG, et al | D3: Etanercept, a Widely Used Inhibitor of Tumor Necrosis Factor-α (TNF- α), Prevents Retinal Ganglion Cell Loss in a Rat Model of Glaucoma | E3: PLoS One | F3: 2012 | G3: https://doi.org/10.1371/journal.pone.0040065 | H3: =COUNTIFS(Experiments!$G$2:$G$83,A3,Experiments!$T$2:$T$83,"yes") -> 1 | I3: Roh M, Zhang Y, Murakami Y, Thanos A, Lee SC, Vavvas DG, et al. Etanercept, a Widely Used Inhibitor of Tumor Necrosis Factor-α (TNF- α), Prevents Retinal Ganglion Cell Loss in a Rat Model of Glaucoma. PLoS One. 2012;7:e40065.
A4: 56 | B4: Tse et al., 2018 | C4: Tse BC, Dvoriantchikova G, Tao W, Gallo RA, Lee JY, Pappas S, et al | D4: Tumor Necrosis Factor Inhibition in the Acute Management of Traumatic Optic Neuropathy | E4: Invest Ophthalmol Vis Sci | F4: 2018 | G4: https://doi.org/10.1167/iovs.18-24431 | H4: =COUNTIFS(Experiments!$G$2:$G$83,A4,Experiments!$T$2:$T$83,"yes") -> 1 | I4: Tse BC, Dvoriantchikova G, Tao W, Gallo RA, Lee JY, Pappas S, et al. Tumor Necrosis Factor Inhibition in the Acute Management of Traumatic Optic Neuropathy. Invest Ophthalmol Vis Sci. 2018;59:2905–12.
A5: 57 | B5: Bae et al., 2016 | C5: Bae HW, Lee N, Seong GJ, Rho S, Hong S, Kim CY | D5: Protective effect of etanercept, an inhibitor of tumor necrosis factor-α, in a rat model of retinal ischemia | E5: BMC Ophthalmology | F5: 2016 | G5: https://doi.org/10.1186/s12886-016-0262-9 | H5: =COUNTIFS(Experiments!$G$2:$G$83,A5,Experiments!$T$2:$T$83,"yes") -> 1 | I5: Bae HW, Lee N, Seong GJ, Rho S, Hong S, Kim CY. Protective effect of etanercept, an inhibitor of tumor necrosis factor-α, in a rat model of retinal ischemia. BMC Ophthalmology. 2016;16:75.
A6: 58 | B6: Cade et al., 2014 | C6: Cade F, Paschalis EI, Regatieri CV, Vavvas DG, Dana R, Dohlman CH | D6: Alkali Burn to the Eye: Protection Using TNF-α Inhibition | E6: Cornea | F6: 2014 | G6: https://doi.org/10.1097/ICO.0000000000000071 | H6: =COUNTIFS(Experiments!$G$2:$G$83,A6,Experiments!$T$2:$T$83,"yes") -> 1 | I6: Cade F, Paschalis EI, Regatieri CV, Vavvas DG, Dana R, Dohlman CH. Alkali Burn to the Eye: Protection Using TNF-α Inhibition. Cornea. 2014;33:382.
A7: 59 | B7: Paschalis et al., 2017 | C7: Paschalis EI, Zhou C, Lei F, Scott N, Kapoulea V, Robert M-C, et al | D7: Mechanisms of Retinal Damage after Ocular Alkali Burns | E7: The American Journal of Pathology | F7: 2017 | G7: https://doi.org/10.1016/j.ajpath.2017.02.005 | H7: =COUNTIFS(Experiments!$G$2:$G$83,A7,Experiments!$T$2:$T$83,"yes") -> 2 | I7: Paschalis EI, Zhou C, Lei F, Scott N, Kapoulea V, Robert M-C, et al. Mechanisms of Retinal Damage after Ocular Alkali Burns. The American Journal of Pathology. 2017;187:1327–42.
A8: 60 | B8: Paschalis et al., 2024 | C8: Paschalis EI, Zhou C, Sharma J, Dohlman TH, Kim S, Lei F, et al | D8: The prophylactic value of TNF-α inhibitors against retinal cell apoptosis and optic nerve axon loss after corneal surgery or trauma | E8: Acta Ophthalmologica | F8: 2024 | G8: https://doi.org/10.1111/aos.15786 | H8: =COUNTIFS(Experiments!$G$2:$G$83,A8,Experiments!$T$2:$T$83,"yes") -> 1 | I8: Paschalis EI, Zhou C, Sharma J, Dohlman TH, Kim S, Lei F, et al. The prophylactic value of TNF-α inhibitors against retinal cell apoptosis and optic nerve axon loss after corneal surgery or trauma. Acta Ophthalmologica. 2024;102:e381–94.
A9: 62 | B9: Lucas-Ruiz et al., 2019 | C9: Lucas-Ruiz F, Galindo-Romero C, Salinas-Navarro M, González-Riquelme MJ, Vidal-Sanz M, Agudo Barriuso M | D9: Systemic and Intravitreal Antagonism of the TNFR1 Signaling Pathway Delays Axotomy-Induced Retinal Ganglion Cell Loss | E9: Front Neurosci | F9: 2019 | G9: https://doi.org/10.3389/fnins.2019.01096 | H9: =COUNTIFS(Experiments!$G$2:$G$83,A9,Experiments!$T$2:$T$83,"yes") -> 3 | I9: Lucas-Ruiz F, Galindo-Romero C, Salinas-Navarro M, González-Riquelme MJ, Vidal-Sanz M, Agudo Barriuso M. Systemic and Intravitreal Antagonism of the TNFR1 Signaling Pathway Delays Axotomy-Induced Retinal Ganglion Cell Loss. Front Neurosci. 2019;13:1096.
A10: 71 | B10: Yoneda et al., 2001 | C10: Yoneda S, Tanihara H, Kido N, Honda Y, Goto W, Hara H, et al | D10: Interleukin-1beta mediates ischemic injury in the rat retina | E10: Exp Eye Res | F10: 2001 | G10: https://doi.org/10.1006/exer.2001.1072 | H10: =COUNTIFS(Experiments!$G$2:$G$83,A10,Experiments!$T$2:$T$83,"yes") -> 1 | I10: Yoneda S, Tanihara H, Kido N, Honda Y, Goto W, Hara H, et al. Interleukin-1beta mediates ischemic injury in the rat retina. Exp Eye Res. 2001;73:661–7.
A11: 72 | B11: Evans et al., 2020 | C11: Evans LP, Woll AW, Wu S, Todd BP, Hehr N, Hedberg-Buenz A, et al | D11: Modulation of Post-Traumatic Immune Response Using the IL-1 Receptor Antagonist Anakinra for Improved Visual Outcomes | E11: J Neurotrauma | F11: 2020 | G11: https://doi.org/10.1089/neu.2019.6725 | H11: =COUNTIFS(Experiments!$G$2:$G$83,A11,Experiments!$T$2:$T$83,"yes") -> 1 | I11: Evans LP, Woll AW, Wu S, Todd BP, Hehr N, Hedberg-Buenz A, et al. Modulation of Post-Traumatic Immune Response Using the IL-1 Receptor Antagonist Anakinra for Improved Visual Outcomes. J Neurotrauma. 2020;37:1463–80.
A12: 80 | B12: Robinson et al., 2020 | C12: Robinson R, Srinivasan M, Shanmugam A, Ward A, Ganapathy V, Bloom J, et al | D12: Interleukin-6 trans-signaling inhibition prevents oxidative stress in a mouse model of early diabetic retinopathy | E12: Redox Biol | F12: 2020 | G12: https://doi.org/10.1016/j.redox.2020.101574 | H12: =COUNTIFS(Experiments!$G$2:$G$83,A12,Experiments!$T$2:$T$83,"yes") -> 1 | I12: Robinson R, Srinivasan M, Shanmugam A, Ward A, Ganapathy V, Bloom J, et al. Interleukin-6 trans-signaling inhibition prevents oxidative stress in a mouse model of early diabetic retinopathy. Redox Biol. 2020;34:101574.
A13: 83 | B13: Sakamoto et al., 2017 | C13: Sakamoto K, Okuwaki T, Ushikubo H, Mori A, Nakahara T, Ishii K | D13: Activation inhibitors of nuclear factor kappa B protect neurons against the NMDA-induced damage in the rat retina | E13: Journal of Pharmacological Sciences | F13: 2017 | G13: https://doi.org/10.1016/j.jphs.2017.09.031 | H13: =COUNTIFS(Experiments!$G$2:$G$83,A13,Experiments!$T$2:$T$83,"yes") -> 2 | I13: Sakamoto K, Okuwaki T, Ushikubo H, Mori A, Nakahara T, Ishii K. Activation inhibitors of nuclear factor kappa B protect neurons against the NMDA-induced damage in the rat retina. Journal of Pharmacological Sciences. 2017;135:72–80.
... A30: 102 | B30: Do et al., 2017 | C30: Do Y-J, Sul J-W, Jang K-H, Kang NS, Kim Y-H, Kim Y-G, et al | D30: A novel RIPK1 inhibitor that prevents retinal degeneration in a rat glaucoma model | E30: Experimental Cell Research | F30: 2017 | G30: https://doi.org/10.1016/j.yexcr.2017.08.012 | H30: =COUNTIFS(Experiments!$G$2:$G$83,A30,Experiments!$T$2:$T$83,"yes") -> 1 | I30: Do Y-J, Sul J-W, Jang K-H, Kang NS, Kim Y-H, Kim Y-G, et al. A novel RIPK1 inhibitor that prevents retinal degeneration in a rat glaucoma model. Experimental Cell Research. 2017;359:30–8.
A31: 103 | B31: Liu et al., 2011 | C31: Liu H, Sun H, Liu C | D31: Interference of the apoptotic signaling pathway in RGC stress response by SP600125 in moderate ocular hypertensive rats | E31: Chin J Physiol | F31: 2011 | H31: =COUNTIFS(Experiments!$G$2:$G$83,A31,Experiments!$T$2:$T$83,"yes") -> 1 | I31: Liu H, Sun H, Liu C. Interference of the apoptotic signaling pathway in RGC stress response by SP600125 in moderate ocular hypertensive rats. Chin J Physiol. 2011;54:124–32.
A32: 104 | B32: Sun et al., 2011 | C32: Sun H, Wang Y, Pang I-H, Shen J, Tang X, Li Y, et al | D32: Protective effect of a JNK inhibitor against retinal ganglion cell loss induced by acute moderate ocular hypertension | E32: Mol Vis | F32: 2011 | H32: =COUNTIFS(Experiments!$G$2:$G$83,A32,Experiments!$T$2:$T$83,"yes") -> 1 | I32: Sun H, Wang Y, Pang I-H, Shen J, Tang X, Li Y, et al. Protective effect of a JNK inhibitor against retinal ganglion cell loss induced by acute moderate ocular hypertension. Mol Vis. 2011;17:864–75.
A33: 105 | B33: Kim et al., 2016 | C33: Kim B-J, Silverman SM, Liu Y, Wordinger RJ, Pang I-H, Clark AF | D33: In vitro and in vivo neuroprotective effects of cJun N-terminal kinase inhibitors on retinal ganglion cells | E33: Molecular Neurodegeneration | F33: 2016 | G33: https://doi.org/10.1186/s13024-016-0093-4 | H33: =COUNTIFS(Experiments!$G$2:$G$83,A33,Experiments!$T$2:$T$83,"yes") -> 1 | I33: Kim B-J, Silverman SM, Liu Y, Wordinger RJ, Pang I-H, Clark AF. In vitro and in vivo neuroprotective effects of cJun N-terminal kinase inhibitors on retinal ganglion cells. Molecular Neurodegeneration. 2016;11:30.
A34: 106 | B34: Wang et al., 2021 | C34: Wang Y, Chen S, Wang J, Liu Y, Chen Y, Wen T, et al | D34: MicroRNA-93/STAT3 signalling pathway mediates retinal microglial activation and protects retinal ganglion cells in an acute ocular hypertension model | E34: Cell Death Dis | F34: 2021 | G34: https://doi.org/10.1038/s41419-020-03337-5 | H34: =COUNTIFS(Experiments!$G$2:$G$83,A34,Experiments!$T$2:$T$83,"yes") -> 1 | I34: Wang Y, Chen S, Wang J, Liu Y, Chen Y, Wen T, et al. MicroRNA-93/STAT3 signalling pathway mediates retinal microglial activation and protects retinal ganglion cells in an acute ocular hypertension model. Cell Death Dis. 2021;12:41.
A35: 107 | B35: Husain et al., 2021 | C35: Husain S, Zaidi SAH, Singh S, Guzman W, Mehrotra S | D35: Reduction of Neuroinflammation by δ-Opioids Via STAT3-Dependent Pathway in Chronic Glaucoma Model | E35: Front Pharmacol | F35: 2021 | G35: https://doi.org/10.3389/fphar.2021.601404 | H35: =COUNTIFS(Experiments!$G$2:$G$83,A35,Experiments!$T$2:$T$83,"yes") -> 1 | I35: Husain S, Zaidi SAH, Singh S, Guzman W, Mehrotra S. Reduction of Neuroinflammation by δ-Opioids Via STAT3-Dependent Pathway in Chronic Glaucoma Model. Front Pharmacol. 2021;12:601404.
A36: 109 | B36: Guan et al., 2025 | C36: Guan C, Zhang L, Fomo KN, Yang J, Pfeiffer N, Grus FH | D36: Targeting glial fibrillary acidic protein in glaucoma: a monoclonal antibody approach to modulate glial reactivity and neuroinflammation for neuroprotection | E36: J Neuroinflammation | F36: 2025 | G36: https://doi.org/10.1186/s12974-025-03482-8 | H36: =COUNTIFS(Experiments!$G$2:$G$83,A36,Experiments!$T$2:$T$83,"yes") -> 1 | I36: Guan C, Zhang L, Fomo KN, Yang J, Pfeiffer N, Grus FH. Targeting glial fibrillary acidic protein in glaucoma: a monoclonal antibody approach to modulate glial reactivity and neuroinflammation for neuroprotection. J Neuroinflammation. 2025;22:159.
A37: 110 | B37: Baptiste et al., 2005 | C37: Baptiste DC, Powell KJ, Jollimore C a | D37: B, Hamilton C, LeVatte TL, Archibald ML, et al | E37: Effects of minocycline and tetracycline on retinal ganglion cell survival after axotomy | F37: 2005 | G37: https://doi.org/10.1016/j.neuroscience.2005.04.011 | H37: =COUNTIFS(Experiments!$G$2:$G$83,A37,Experiments!$T$2:$T$83,"yes") -> 1 | I37: Baptiste DC, Powell KJ, Jollimore C a. B, Hamilton C, LeVatte TL, Archibald ML, et al. Effects of minocycline and tetracycline on retinal ganglion cell survival after axotomy. Neuroscience. 2005;134:575–82.
A38: 111 | B38: Shimazawa et al., 2005 | C38: Shimazawa M, Yamashima T, Agarwal N, Hara H | D38: Neuroprotective effects of minocycline against in vitro and in vivo retinal ganglion cell damage | E38: Brain Research | F38: 2005 | G38: https://doi.org/10.1016/j.brainres.2005.06.053 | H38: =COUNTIFS(Experiments!$G$2:$G$83,A38,Experiments!$T$2:$T$83,"yes") -> 1 | I38: Shimazawa M, Yamashima T, Agarwal N, Hara H. Neuroprotective effects of minocycline against in vitro and in vivo retinal ganglion cell damage. Brain Research. 2005;1053:185–94.
A39: 112 | B39: Bosco et al., 2008 | C39: Bosco A, Inman DM, Steele MR, Wu G, Soto I, Marsh-Armstrong N, et al | D39: Reduced Retina Microglial Activation and Improved Optic Nerve Integrity with Minocycline Treatment in the DBA/2J Mouse Model of Glaucoma | E39: Invest Ophthalmol Vis Sci | F39: 2008 | G39: https://doi.org/10.1167/iovs.07-1337 | H39: =COUNTIFS(Experiments!$G$2:$G$83,A39,Experiments!$T$2:$T$83,"yes") -> 1 | I39: Bosco A, Inman DM, Steele MR, Wu G, Soto I, Marsh-Armstrong N, et al. Reduced Retina Microglial Activation and Improved Optic Nerve Integrity with Minocycline Treatment in the DBA/2J Mouse Model of Glaucoma. Invest Ophthalmol Vis Sci. 2008;49:1437–46.
A40: 114 | B40: Levkovitch-Verbin et al., 2014 | C40: Levkovitch-Verbin H, Waserzoog Y, Vander S, Makarovsky D, Ilia P | D40: Minocycline mechanism of neuroprotection involves the Bcl-2 gene family in optic nerve transection | E40: International Journal of Neuroscience | F40: 2014 | G40: https://doi.org/10.3109/00207454.2013.878340 | H40: =COUNTIFS(Experiments!$G$2:$G$83,A40,Experiments!$T$2:$T$83,"yes") -> 1 | I40: Levkovitch-Verbin H, Waserzoog Y, Vander S, Makarovsky D, Ilia P. Minocycline mechanism of neuroprotection involves the Bcl-2 gene family in optic nerve transection. International Journal of Neuroscience. Taylor & Francis; 2014;124:755–61.
A41: 115 | B41: Grotegut et al., 2020 | C41: Grotegut P, Perumal N, Kuehn S, Smit A, Dick HB, Grus FH, et al | D41: Minocycline reduces inflammatory response and cell death in a S100B retina degeneration model | E41: Journal of Neuroinflammation | F41: 2020 | G41: https://doi.org/10.1186/s12974-020-02012-y | H41: =COUNTIFS(Experiments!$G$2:$G$83,A41,Experiments!$T$2:$T$83,"yes") -> 1 | I41: Grotegut P, Perumal N, Kuehn S, Smit A, Dick HB, Grus FH, et al. Minocycline reduces inflammatory response and cell death in a S100B retina degeneration model. Journal of Neuroinflammation. 2020;17:375.
A42: 116 | B42: Sánchez-Migallón et al., 2024 | C42: Sánchez-Migallón MDC, Di Pierdomenico J, Gallego-Ortega A, García-Ayuso D, Vidal-Sanz M, Agudo-Barriuso M, et al | D42: Minocycline Administration Does Not Have an Effect on Retinal Ganglion Cell Survival in a Murine Model of Ocular Hypertension | E42: Aging Dis | F42: 2024 | G42: https://doi.org/10.14336/AD.2024.0224 | H42: =COUNTIFS(Experiments!$G$2:$G$83,A42,Experiments!$T$2:$T$83,"yes") -> 1 | I42: Sánchez-Migallón MDC, Di Pierdomenico J, Gallego-Ortega A, García-Ayuso D, Vidal-Sanz M, Agudo-Barriuso M, et al. Minocycline Administration Does Not Have an Effect on Retinal Ganglion Cell Survival in a Murine Model of Ocular Hypertension. Aging Dis. 2024;15:2241–54.
A43: 118 | B43: Quillen et al., 2024 | C43: Quillen SE, Kimball EC, Ritter-Gordy KA, Du L, Yuan Z, Pease ME, et al | D43: The Mechanisms of Neuroprotection by Topical Rho Kinase Inhibition in Experimental Mouse Glaucoma and Optic Neuropathy | E43: Invest Ophthalmol Vis Sci | F43: 2024 | G43: https://doi.org/10.1167/iovs.65.13.43 | H43: =COUNTIFS(Experiments!$G$2:$G$83,A43,Experiments!$T$2:$T$83,"yes") -> 2 | I43: Quillen SE, Kimball EC, Ritter-Gordy KA, Du L, Yuan Z, Pease ME, et al. The Mechanisms of Neuroprotection by Topical Rho Kinase Inhibition in Experimental Mouse Glaucoma and Optic Neuropathy. Invest Ophthalmol Vis Sci. 2024;65:43.
A44: 119 | B44: Yamamoto et al., 2014 | C44: Yamamoto K, Maruyama K, Himori N, Omodaka K, Yokoyama Y, Shiga Y, et al | D44: The Novel Rho Kinase (ROCK) Inhibitor K-115: A New Candidate Drug for Neuroprotective Treatment in Glaucoma | E44: Invest Ophthalmol Vis Sci | F44: 2014 | G44: https://doi.org/10.1167/iovs.13-13842 | H44: =COUNTIFS(Experiments!$G$2:$G$83,A44,Experiments!$T$2:$T$83,"yes") -> 1 | I44: Yamamoto K, Maruyama K, Himori N, Omodaka K, Yokoyama Y, Shiga Y, et al. The Novel Rho Kinase (ROCK) Inhibitor K-115: A New Candidate Drug for Neuroprotective Treatment in Glaucoma. Invest Ophthalmol Vis Sci. 2014;55:7126–36.
... A58: 135 | B58: Chen et al., 2021 | C58: Chen J, Li H, Yang C, He Y, Arai T, Huang Q, et al | D58: Citrus Naringenin Increases Neuron Survival in Optic Nerve Crush Injury Model by Inhibiting JNK-JUN Pathway | E58: International Journal of Molecular Sciences | F58: 2021 | G58: https://doi.org/10.3390/ijms23010385 | H58: =COUNTIFS(Experiments!$G$2:$G$83,A58,Experiments!$T$2:$T$83,"yes") -> 1 | I58: Chen J, Li H, Yang C, He Y, Arai T, Huang Q, et al. Citrus Naringenin Increases Neuron Survival in Optic Nerve Crush Injury Model by Inhibiting JNK-JUN Pathway. International Journal of Molecular Sciences. 2021;23:385.
A59: 136 | B59: Liu et al., 2016 | C59: Liu R, Wang Y, Pu M, Gao J | D59: Effect of alpha lipoic acid on retinal ganglion cell survival in an optic nerve crush model | E59: Mol Vis | F59: 2016 | H59: =COUNTIFS(Experiments!$G$2:$G$83,A59,Experiments!$T$2:$T$83,"yes") -> 1 | I59: Liu R, Wang Y, Pu M, Gao J. Effect of alpha lipoic acid on retinal ganglion cell survival in an optic nerve crush model. Mol Vis. 2016;22:1122–36.
A60: 137 | B60: Inman et al., 2013 | C60: Inman DM, Lambert WS, Calkins DJ, Horner PJ | D60: α-Lipoic acid antioxidant treatment limits glaucoma-related retinal ganglion cell death and dysfunction | E60: PLoS One | F60: 2013 | G60: https://doi.org/10.1371/journal.pone.0065389 | H60: =COUNTIFS(Experiments!$G$2:$G$83,A60,Experiments!$T$2:$T$83,"yes") -> 1 | I60: Inman DM, Lambert WS, Calkins DJ, Horner PJ. α-Lipoic acid antioxidant treatment limits glaucoma-related retinal ganglion cell death and dysfunction. PLoS One. 2013;8:e65389.
A61: 138 | B61: Kim et al., 2014 | C61: Kim S, Shim M, Kim K-Y, Weinreb R, Wheeler L, Ju W-K | D61: Inhibition of cyclophilin D by cyclosporin A promotes retinal ganglion cell survival by preventing mitochondrial alteration in ischemic injury | E61: Cell death & disease | F61: 2014 | G61: https://doi.org/10.1038/cddis.2014.80 | H61: =COUNTIFS(Experiments!$G$2:$G$83,A61,Experiments!$T$2:$T$83,"yes") -> 1 | I61: Kim S, Shim M, Kim K-Y, Weinreb R, Wheeler L, Ju W-K. Inhibition of cyclophilin D by cyclosporin A promotes retinal ganglion cell survival by preventing mitochondrial alteration in ischemic injury. Cell death & disease. 2014;5:e1105.
A62: 140 | B62: Cui et al., 2007 | C62: Cui Q, Hodgetts SI, Hu Y, Luo J-M, Harvey AR | D62: Strain-specific differences in the effects of cyclosporin A and FK506 on the survival and regeneration of axotomized retinal ganglion cells in adult rats | E62: Neuroscience | F62: 2007 | G62: https://doi.org/10.1016/j.neuroscience.2007.02.034 | H62: =COUNTIFS(Experiments!$G$2:$G$83,A62,Experiments!$T$2:$T$83,"yes") -> 2 | I62: Cui Q, Hodgetts SI, Hu Y, Luo J-M, Harvey AR. Strain-specific differences in the effects of cyclosporin A and FK506 on the survival and regeneration of axotomized retinal ganglion cells in adult rats. Neuroscience. 2007;146:986–99.
A63: 141 | B63: Nadal-Nicolás et al., 2016 | C63: Nadal-Nicolás FM, Rodriguez-Villagra E, Bravo-Osuna I, Sobrado-Calvo P, Molina-Martínez I, Villegas-Pérez MP, et al | D63: Ketorolac Administration Attenuates Retinal Ganglion Cell Death After Axonal Injury | E63: Invest Ophthalmol Vis Sci | F63: 2016 | G63: https://doi.org/10.1167/iovs.15-18213 | H63: =COUNTIFS(Experiments!$G$2:$G$83,A63,Experiments!$T$2:$T$83,"yes") -> 1 | I63: Nadal-Nicolás FM, Rodriguez-Villagra E, Bravo-Osuna I, Sobrado-Calvo P, Molina-Martínez I, Villegas-Pérez MP, et al. Ketorolac Administration Attenuates Retinal Ganglion Cell Death After Axonal Injury. Invest Ophthalmol Vis Sci. 2016;57:1183–92.
A64: 143 | B64: Liu et al., 2016 | C64: Liu X, Huang P, Wang J, Yang Z, Huang S, Luo X, et al | D64: The Effect of A2A Receptor Antagonist on Microglial Activation in Experimental Glaucoma | E64: Invest Ophthalmol Vis Sci | F64: 2016 | G64: https://doi.org/10.1167/iovs.15-18024 | H64: =COUNTIFS(Experiments!$G$2:$G$83,A64,Experiments!$T$2:$T$83,"yes") -> 1 | I64: Liu X, Huang P, Wang J, Yang Z, Huang S, Luo X, et al. The Effect of A2A Receptor Antagonist on Microglial Activation in Experimental Glaucoma. Invest Ophthalmol Vis Sci. 2016;57:776–86.
A65: 144 | B65: Madeira et al., 2016 | C65: Madeira MH, Boia R, Elvas F, Martins T, Cunha RA, Ambrósio AF, et al | D65: Selective A2A receptor antagonist prevents microglia-mediated neuroinflammation and protects retinal ganglion cells from high intraocular pressure–induced transient ischemic injury | E65: Translational Research | F65: 2016 | G65: https://doi.org/10.1016/j.trsl.2015.11.005 | H65: =COUNTIFS(Experiments!$G$2:$G$83,A65,Experiments!$T$2:$T$83,"yes") -> 1 | I65: Madeira MH, Boia R, Elvas F, Martins T, Cunha RA, Ambrósio AF, et al. Selective A2A receptor antagonist prevents microglia-mediated neuroinflammation and protects retinal ganglion cells from high intraocular pressure–induced transient ischemic injury. Translational Research. 2016;169:112–28.
A66: 145 | B66: Boia et al., 2017 | C66: Boia R, Elvas F, Madeira MH, Aires ID, Rodrigues-Neves AC, Tralhão P, et al | D66: Treatment with A2A receptor antagonist KW6002 and caffeine intake regulate microglia reactivity and protect retina against transient ischemic damage | E66: Cell Death Dis | F66: 2017 | G66: https://doi.org/10.1038/cddis.2017.451 | H66: =COUNTIFS(Experiments!$G$2:$G$83,A66,Experiments!$T$2:$T$83,"yes") -> 1 | I66: Boia R, Elvas F, Madeira MH, Aires ID, Rodrigues-Neves AC, Tralhão P, et al. Treatment with A2A receptor antagonist KW6002 and caffeine intake regulate microglia reactivity and protect retina against transient ischemic damage. Cell Death Dis. 2017;8:e3065.
A67: 146 | B67: Varano et al., 2017 | C67: Varano GP, Parisi V, Adornetto A, Cavaliere F, Amantea D, Nucci C, et al | D67: Post-ischemic treatment with azithromycin protects ganglion cells against retinal ischemia/reperfusion injury in the rat | E67: Mol Vis | F67: 2017 | H67: =COUNTIFS(Experiments!$G$2:$G$83,A67,Experiments!$T$2:$T$83,"yes") -> 1 | I67: Varano GP, Parisi V, Adornetto A, Cavaliere F, Amantea D, Nucci C, et al. Post-ischemic treatment with azithromycin protects ganglion cells against retinal ischemia/reperfusion injury in the rat. Mol Vis. 2017;23:911–21.
A68: 147 | B68: Sela et al., 2023 | C68: Sela TC, Zahavi A, Friedman-Gohas M, Weiss S, Sternfeld A, Ilguisonis A, et al | D68: Azithromycin and Sildenafil May Have Protective Effects on Retinal Ganglion Cells via Different Pathways: Study in a Rodent Microbead Model | E68: Pharmaceuticals | F68: 2023 | G68: https://doi.org/10.3390/ph16040486 | H68: =COUNTIFS(Experiments!$G$2:$G$83,A68,Experiments!$T$2:$T$83,"yes") -> 1 | I68: Sela TC, Zahavi A, Friedman-Gohas M, Weiss S, Sternfeld A, Ilguisonis A, et al. Azithromycin and Sildenafil May Have Protective Effects on Retinal Ganglion Cells via Different Pathways: Study in a Rodent Microbead Model. Pharmaceuticals. Multidisciplinary Digital Publishing Institute; 2023;16:486.
A69: 148 | B69: Zloto et al., 2022 | C69: Zloto O, Zahavi A, Richard S, Friedman-Gohas M, Weiss S, Goldenberg-Cohen N | D69: Neuroprotective Effect of Azithromycin Following Induction of Optic Nerve Crush in Wild Type and Immunodeficient Mice | E69: International Journal of Molecular Sciences | F69: 2022 | G69: https://doi.org/10.3390/ijms231911872 | H69: =COUNTIFS(Experiments!$G$2:$G$83,A69,Experiments!$T$2:$T$83,"yes") -> 1 | I69: Zloto O, Zahavi A, Richard S, Friedman-Gohas M, Weiss S, Goldenberg-Cohen N. Neuroprotective Effect of Azithromycin Following Induction of Optic Nerve Crush in Wild Type and Immunodeficient Mice. International Journal of Molecular Sciences. Multidisciplinary Digital Publishing Institute; 2022;23:11872.
